f1,f2,f3,f4a,f4b,f4c
0,0,0,0,0,0
21,34,38,0,0,12
33,46,71,0,0,29
73,51,100,0,0,29
99,85,121,0,0,52
121,120,171,0,0,56
161,134,184,0,0,106
204,176,222,0,0,141
210,216,227,0,0,145
240,225,247,0,0,155
243,227,284,0,0,195
264,234,313,0,0,245
293,245,341,0,1,32
306,294,377,0,1,52
351,326,392,0,1,60
365,365,397,0,1,108
376,398,416,0,1,127
403,403,426,0,1,172
449,441,461,0,1,179
497,476,495,0,1,228
514,516,521,0,1,242
514,540,532,0,2,3
535,565,573,0,2,38
585,571,585,0,2,72
605,602,612,0,2,117
637,621,612,0,2,143
664,665,646,0,2,170
684,703,680,0,2,219
684,722,724,0,3,5
701,743,747,0,3,38
719,773,750,0,3,75
726,775,772,0,3,89
729,823,786,0,3,122
750,851,796,0,3,133
755,900,818,0,3,156
796,918,853,0,3,165
798,963,862,0,3,172
824,979,912,0,3,182
837,1021,926,0,3,230
848,1061,947,0,4,13
894,1066,988,0,4,53
922,1108,1004,0,4,103
959,1127,1008,0,4,130
980,1141,1009,0,4,158
1001,1179,1047,0,4,183
1037,1223,1090,0,4,224
1063,1246,1115,0,4,241
1108,1256,1137,0,5,28
1139,1284,1154,0,5,67
1156,1300,1196,0,5,93
1176,1317,1243,0,5,106
1206,1352,1281,0,5,108
1220,1366,1316,0,5,143
1220,1377,1363,0,5,166
1247,1409,1395,0,5,208
1280,1433,1418,0,5,239
1288,1465,1439,0,6,31
1304,1474,1470,0,6,63
1321,1518,1497,0,6,101
1367,1524,1506,0,6,107
1410,1543,1547,0,6,157
1455,1584,1591,0,6,166
1480,1628,1594,0,6,195
1510,1659,1636,0,6,230
1555,1703,1682,0,6,251
1586,1739,1690,0,6,251
1624,1750,1716,0,6,254
1669,1794,1728,0,7,22
1712,1841,1735,0,7,47
1753,1883,1769,0,7,52
1757,1931,1814,0,7,68
1803,1951,1815,0,7,96
1822,1971,1825,0,7,134
1840,2021,1869,0,7,153
1863,2057,1902,0,7,157
1864,2078,1908,0,7,186
1886,2126,1941,0,7,213
1913,2145,1983,0,7,226
1960,2155,2031,0,7,233
1974,2157,2035,0,8,4
2020,2207,2051,0,8,47
2064,2257,2079,0,8,53
2099,2303,2116,0,8,82
2100,2347,2139,0,8,132
2104,2374,2159,0,8,164
2135,2389,2168,0,8,206
2145,2414,2172,0,8,210
2154,2439,2183,0,8,221
2157,2474,2229,0,8,248
2187,2489,2266,0,8,254
2210,2507,2296,0,9,32
2236,2522,2328,0,9,65
2240,2532,2368,0,9,110
2253,2559,2369,0,9,129
2291,2591,2405,0,9,137
2333,2621,2447,0,9,159
2338,2640,2449,0,9,160
2366,2651,2464,0,9,203
2370,2699,2488,0,9,237
2396,2732,2506,0,10,27
2407,2781,2553,0,10,29
2427,2823,2574,0,10,72
2428,2826,2623,0,10,113
2466,2843,2671,0,10,119
2498,2880,2688,0,10,146
2546,2930,2692,0,10,170
2574,2975,2722,0,10,189
2612,2985,2765,0,10,203
2660,2985,2783,0,10,238
2660,3014,2802,0,11,25
2688,3041,2832,0,11,47
2714,3083,2857,0,11,86
2722,3118,2881,0,11,109
2736,3124,2910,0,11,159
2769,3129,2918,0,11,204
2785,3137,2943,0,11,217
2814,3145,2966,0,11,222
2860,3193,2993,0,11,224
2903,3222,3018,0,11,252
2927,3263,3026,0,12,33
2971,3311,3064,0,12,40
2971,3324,3073,0,12,68
2975,3357,3074,0,12,98
3008,3401,3105,0,12,109
3048,3432,3140,0,12,113
3079,3440,3151,0,12,146
3088,3456,3167,0,12,165
3109,3498,3168,0,12,204
3138,3502,3192,0,12,217
3147,3507,3192,0,13,5
3168,3544,3237,0,13,31
3182,3555,3287,0,13,46
3223,3603,3307,0,13,96
3251,3625,3342,0,13,129
3255,3670,3390,0,13,147
3261,3715,3421,0,13,167
3272,3722,3468,0,13,186
3280,3733,3494,0,13,221
3300,3740,3540,0,13,227
3318,3790,3588,0,13,235
3360,3834,3599,0,13,247
3405,3873,3610,0,14,22
3429,3918,3616,0,14,42
3430,3919,3617,0,14,48
3472,3919,3621,0,14,85
3510,3923,3650,0,14,114
3544,3928,3681,0,14,114
3590,3963,3692,0,14,132
3600,3965,3697,0,14,139
3629,3997,3697,0,14,170
3656,4008,3713,0,14,192
3695,4021,3746,0,14,215
3729,4047,3772,0,14,236
3740,4054,3780,0,14,243
3753,4097,3795,0,14,249
3794,4145,3825,0,15,27
3805,4158,3825,0,15,50
3852,4184,3857,0,15,54
3854,4186,3870,0,15,55
3865,4225,3885,0,15,88
3893,4242,3932,0,15,117
3900,4248,3944,0,15,156
3947,4298,3971,0,15,191
3984,4334,3992,0,15,201
4014,4379,4030,0,15,215
4049,4418,4063,0,15,229
4058,4444,4068,0,16,14
4104,4444,4089,0,16,14
4109,4472,4089,0,16,52
4109,4488,4091,0,16,67
4133,4529,4138,0,16,72
4156,4568,4145,0,16,120
4202,4596,4167,0,16,144
4235,4634,4207,0,16,184
4242,4683,4228,0,16,200
4257,4733,4272,0,16,201
4296,4775,4299,0,16,230
4316,4796,4318,0,16,249
4349,4802,4339,0,17,42
4376,4840,4367,0,17,60
4424,4854,4388,0,17,96
4424,4900,4437,0,17,96
4460,4931,4452,0,17,110
4485,4940,4499,0,17,122
4496,4988,4513,0,17,129
4506,4992,4523,0,17,148
4534,5018,4553,0,17,181
4571,5055,4574,0,17,230
4591,5091,4583,0,17,230
4607,5123,4620,0,18,20
4652,5136,4623,0,18,33
4682,5150,4625,0,18,51
4715,5179,4663,0,18,58
4720,5200,4683,0,18,62
4740,5207,4729,0,18,84
4774,5227,4746,0,18,94
4823,5263,4781,0,18,128
4850,5276,4797,0,18,167
4870,5296,4841,0,18,170
4884,5313,4869,0,18,185
4909,5327,4882,0,18,230
4936,5360,4921,0,18,236
4945,5370,4954,0,19,17
4977,5382,4954,0,19,36
5014,5429,4968,0,19,57
5015,5441,4977,0,19,101
5052,5470,5019,0,19,144
5095,5510,5058,0,19,159
5140,5558,5095,0,19,183
5142,5571,5117,0,19,216
5186,5600,5138,0,19,252
5202,5623,5143,0,20,16
5214,5624,5155,0,20,56
5230,5644,5203,0,20,77
5245,5653,5209,0,20,97
5283,5675,5235,0,20,116
5314,5686,5239,0,20,116
5349,5729,5271,0,20,151
5354,5760,5304,0,20,189
5356,5760,5308,0,20,215
5361,5802,5353,0,20,248
5371,5846,5365,0,20,250
5405,5861,5381,0,21,12
5411,5867,5423,0,21,54
5450,5869,5460,0,21,74
5453,5899,5482,0,21,109
5463,5930,5514,0,21,110
5497,5977,5519,0,21,119
5545,6026,5528,0,21,143
5564,6056,5538,0,21,166
5583,6101,5568,0,21,193
5620,6150,5612,0,21,237
5658,6154,5641,0,22,22
5706,6183,5643,0,22,38
5738,6201,5649,0,22,52
5739,6246,5679,0,22,79
5739,6295,5702,0,22,97
5745,6305,5730,0,22,106
5778,6311,5748,0,22,150
5824,6334,5797,0,22,174
5864,6350,5798,0,22,207
5906,6354,5807,0,22,224
5916,6378,5850,0,23,6
5960,6426,5875,0,23,39
5988,6463,5876,0,23,69
6025,6474,5882,0,23,78
6048,6500,5923,0,23,125
6062,6529,5971,0,23,136
6082,6530,6008,0,23,137
6088,6572,6015,0,23,157
6131,6599,6024,0,23,169
6164,6638,6055,0,23,191
6195,6679,6067,0,23,209
6208,6707,6110,0,23,250
6227,6708,6142,0,24,30
6234,6716,6188,0,24,68
6270,6716,6228,0,24,115
6301,6761,6242,0,24,127
6310,6788,6260,0,24,141
6323,6802,6296,0,24,149
6356,6851,6308,0,24,179
6366,6890,6309,0,24,225
6402,6897,6317,0,24,249
6437,6912,6347,0,25,4
6453,6955,6355,0,25,11
6488,6985,6373,0,25,20
6525,6993,6419,0,25,40
6557,7026,6455,0,25,64
6565,7026,6464,0,25,69
6594,7042,6476,0,25,83
6607,7073,6514,0,25,120
6639,7113,6561,0,25,125
6645,7118,6582,0,25,158
6655,7149,6616,0,25,197
6674,7173,6619,0,25,236
6684,7189,6659,0,26,9
6691,7220,6695,0,26,17
6696,7228,6698,0,26,59
6717,7252,6743,0,26,85
6746,7299,6775,0,26,107
6785,7308,6822,0,26,109
6793,7329,6864,0,26,140
6804,7346,6897,0,26,187
6823,7371,6933,0,26,233
6873,7392,6966,0,27,17
6906,7400,7010,0,27,62
6940,7447,7022,0,27,74
6984,7460,7049,0,27,121
6994,7493,7079,0,27,125
7025,7506,7100,0,27,170
7062,7511,7116,0,27,208
7078,7524,7147,0,27,225
7109,7557,7167,0,27,254
7129,7572,7178,0,28,41
7156,7573,7207,0,28,70
7198,7602,7254,0,28,87
7215,7643,7300,0,28,88
7248,7659,7304,0,28,126
7254,7663,7312,0,28,152
7281,7699,7340,0,28,159
7294,7706,7389,0,28,188
7317,7744,7430,0,28,190
7338,7755,7459,0,28,220
7365,7761,7470,0,28,239
7366,7801,7497,0,28,243
7408,7817,7526,0,29,14
7455,7854,7535,0,29,50
7480,7886,7571,0,29,69
7507,7902,7597,0,29,69
7530,7913,7608,0,29,115
7579,7947,7617,0,29,119
7611,7985,7634,0,29,142
7646,8027,7636,0,29,173
7662,8070,7639,0,29,194
7685,8117,7642,0,29,208
7721,8117,7658,0,29,248
7732,8132,7695,0,30,8
7779,8148,7733,0,30,47
7810,8158,7755,0,30,76
7842,8162,7795,0,30,107
7877,8194,7805,0,30,113
7880,8235,7817,0,30,126
7906,8275,7836,0,30,155
7924,8305,7841,0,30,157
7947,8341,7860,0,30,176
7952,8365,7878,0,30,211
7962,8385,7911,0,30,241
8006,8430,7940,0,31,12
8049,8454,7971,0,31,16
8098,8479,8005,0,31,45
8108,8499,8019,0,31,56
8122,8540,8043,0,31,70
8144,8558,8074,0,31,107
8161,8560,8113,0,31,115
8199,8602,8147,0,31,165
8215,8602,8161,0,31,173
8219,8638,8205,0,31,212
8253,8643,8217,0,31,227
8294,8683,8243,0,31,227
8315,8721,8290,0,31,238
8317,8724,8335,0,32,13
8321,8739,8353,0,32,27
8365,8751,8401,0,32,28
8377,8781,8440,0,32,56
8385,8802,8473,0,32,100
8414,8837,8507,0,32,104
8460,8854,8509,0,32,120
8479,8864,8522,0,32,164
8525,8881,8560,0,32,184
8553,8886,8562,0,32,212
8597,8886,8593,0,33,5
8610,8907,8624,0,33,41
8611,8946,8628,0,33,88
8659,8967,8630,0,33,128
8699,9016,8648,0,33,167
8718,9054,8670,0,33,181
8766,9065,8708,0,33,186
8805,9096,8741,0,33,206
8844,9113,8754,0,33,225
8864,9117,8770,0,33,251
8883,9140,8770,0,34,40
8890,9149,8801,0,34,81
8927,9166,8843,0,34,88
8952,9178,8843,0,34,121
8974,9205,8874,0,34,145
9003,9226,8911,0,34,152
9010,9244,8920,0,34,195
9050,9275,8933,0,34,202
9096,9316,8974,0,34,241
9144,9356,8982,0,35,19
9186,9367,9015,0,35,45
9203,9395,9024,0,35,76
9228,9398,9048,0,35,100
9258,9403,9051,0,35,102
9261,9412,9051,0,35,120
9299,9448,9096,0,35,155
9305,9477,9119,0,35,184
9354,9492,9148,0,35,230
9369,9531,9174,0,35,235
9391,9574,9201,0,36,14
9422,9608,9203,0,36,55
9442,9647,9212,0,36,71
9485,9681,9239,0,36,118
9489,9701,9285,0,36,159
9536,9725,9312,0,36,202
9551,9735,9322,0,36,236
9584,9735,9366,0,36,252
9620,9745,9389,0,37,41
9647,9788,9414,0,37,62
9647,9832,9434,0,37,89
9682,9838,9435,0,37,130
9696,9887,9457,0,37,136
9696,9900,9497,0,37,166
9719,9912,9523,0,37,172
9748,9927,9548,0,37,181
9789,9964,9592,0,37,230
9829,9969,9635,0,37,251
9835,10002,9662,0,38,22
9852,10013,9703,0,38,46
9901,10031,9705,0,38,58
9927,10054,9708,0,38,76
9976,10078,9731,0,38,83
9978,10106,9735,0,38,129
10024,10118,9762,0,38,161
10048,10128,9795,0,38,183
10056,10151,9808,0,38,207
10062,10186,9832,0,38,214
10074,10213,9838,0,38,244
10108,10261,9848,0,39,21
10138,10304,9859,0,39,44
10157,10351,9871,0,39,61
10168,10367,9875,0,39,75
10195,10403,9922,0,39,99
10206,10452,9940,0,39,106
10242,10478,9988,0,39,133
10268,10521,9998,0,39,169
10270,10547,9999,0,39,219
10297,10571,10016,0,39,232
10327,10571,10049,0,40,6
10348,10584,10071,0,40,17
10390,10629,10090,0,40,37
10410,10679,10124,0,40,61
10431,10698,10129,0,40,110
10478,10706,10174,0,40,138
10508,10712,10205,0,40,145
10543,10712,10215,0,40,159
10546,10720,10236,0,40,200
10584,10742,10268,0,40,248
10620,10766,10318,0,40,255
10635,10806,10328,0,41,12
10677,10834,10332,0,41,28
10677,10843,10379,0,41,74
10679,10879,10379,0,41,100
10689,10882,10410,0,41,112
10714,10905,10455,0,41,146
10764,10923,10502,0,41,174
10791,10936,10532,0,41,191
10803,10986,10573,0,41,207
10811,11026,10600,0,41,255
10829,11043,10615,0,42,16
10872,11074,10659,0,42,43
10906,11108,10678,0,42,65
10931,11120,10690,0,42,87
10958,11149,10707,0,42,130
10996,11171,10726,0,42,137
11043,11201,10769,0,42,176
11080,11209,10792,0,42,212
11099,11255,10827,0,42,242
11136,11267,10875,0,43,7
11176,11278,10875,0,43,48
11181,11286,10877,0,43,52
11221,11334,10909,0,43,54
11251,11339,10951,0,43,101
11266,11375,10960,0,43,137
11299,11415,10980,0,43,154
11337,11452,10992,0,43,157
11382,11494,11020,0,43,207
11388,11542,11046,0,43,239
11405,11561,11048,0,44,2
11452,11611,11060,0,44,43
11500,11657,11096,0,44,61
11529,11690,11118,0,44,71
11533,11737,11160,0,44,86
11544,11777,11183,0,44,91
11554,11798,11212,0,44,128
11592,11821,11247,0,44,166
11642,11867,11290,0,44,193
11685,11903,11331,0,44,236
11713,11914,11357,0,44,250
11720,11943,11373,0,45,14
11721,11969,11388,0,45,62
11761,11977,11427,0,45,81
11794,12005,11429,0,45,126
11802,12019,11468,0,45,127
11837,12065,11501,0,45,167
11841,12091,11548,0,45,187
11849,12093,11572,0,45,234
11866,12106,11576,0,45,240
11883,12143,11596,0,46,20
11912,12183,11635,0,46,24
11938,12211,11642,0,46,43
11979,12237,11676,0,46,45
12029,12244,11703,0,46,47
12055,12259,11716,0,46,86
12068,12277,11728,0,46,103
12083,12311,11752,0,46,149
12107,12355,11788,0,46,173
12156,12360,11791,0,46,218
12184,12367,11802,0,46,252
12206,12370,11824,0,47,22
12210,12407,11857,0,47,45
12244,12428,11876,0,47,65
12273,12453,11918,0,47,91
12294,12455,11960,0,47,124
12338,12469,12003,0,47,125
12375,12475,12018,0,47,168
12393,12500,12049,0,47,194
12440,12505,12049,0,47,205
12476,12531,12076,0,47,240
12476,12551,12107,0,48,21
12477,12553,12154,0,48,59
12483,12603,12166,0,48,93
12496,12621,12194,0,48,127
12509,12664,12243,0,48,142
12511,12673,12288,0,48,169
12546,12682,12322,0,48,219
12590,12717,12333,0,48,236
12616,12725,12357,0,49,4
12618,12760,12386,0,49,16
12658,12764,12422,0,49,56
12689,12781,12445,0,49,69
12717,12785,12485,0,49,104
12762,12833,12495,0,49,150
12783,12881,12497,0,49,200
12800,12929,12527,0,49,246
12809,12977,12577,0,50,23
12853,13020,12591,0,50,44
12889,13042,12615,0,50,64
12908,13089,12658,0,50,98
12920,13100,12700,0,50,103
12957,13140,12728,0,50,121
12999,13151,12763,0,50,144
13041,13182,12773,0,50,181
13080,13209,12773,0,50,206
13121,13215,12786,0,50,218
13158,13240,12793,0,50,241
13164,13258,12795,0,51,24
13192,13305,12806,0,51,62
13210,13311,12855,0,51,80
13242,13345,12884,0,51,105
13253,13345,12911,0,51,135
13264,13355,12916,0,51,156
13298,13392,12930,0,51,160
13318,13429,12970,0,51,193
13364,13475,12993,0,51,216
13401,13516,12999,0,51,224
13416,13545,13006,0,51,232
13458,13580,13052,0,52,14
13499,13623,13061,0,52,58
13544,13647,13105,0,52,83
13558,13664,13122,0,52,89
13597,13690,13140,0,52,116
13597,13710,13183,0,52,131
13639,13719,13205,0,52,176
13683,13721,13217,0,52,205
13707,13739,13232,0,52,244
13739,13752,13238,0,53,15
13751,13755,13243,0,53,59
13772,13761,13257,0,53,89
13790,13781,13287,0,53,107
13830,13815,13302,0,53,148
13873,13830,13314,0,53,187
13873,13853,13364,0,53,209
13891,13868,13408,0,53,220
13922,13899,13456,0,54,10
13946,13947,13479,0,54,34
13985,13952,13487,0,54,38
14026,13961,13499,0,54,71
14060,13963,13519,0,54,83
14098,13987,13542,0,54,83
14145,14008,13577,0,54,106
14187,14056,13606,0,54,129
14232,14100,13606,0,54,158
14245,14112,13649,0,54,208
14258,14142,13696,0,54,254
14282,14160,13739,0,55,5
14299,14161,13768,0,55,42
14310,14198,13785,0,55,66
14354,14220,13823,0,55,90
14380,14256,13834,0,55,103
14401,14277,13866,0,55,138
14434,14291,13916,0,55,168
14483,14298,13962,0,55,176
14525,14320,13975,0,55,188
14525,14338,13980,0,55,194
14561,14370,14019,0,55,224
14567,14395,14046,0,56,16
14597,14400,14096,0,56,43
14598,14416,14112,0,56,46
14647,14426,14134,0,56,52
14654,14467,14182,0,56,73
14680,14498,14231,0,56,102
14709,14542,14255,0,56,115
14757,14568,14290,0,56,134
14768,14571,14304,0,56,164
14795,14576,14332,0,56,208
14843,14594,14342,0,56,220
14857,14613,14362,0,57,12
14896,14640,14364,0,57,53
14927,14659,14408,0,57,63
14948,14700,14410,0,57,102
14964,14746,14456,0,57,114
14976,14751,14461,0,57,129
14995,14801,14484,0,57,179
15010,14834,14505,0,57,192
15058,14875,14527,0,57,233
15093,14882,14577,0,58,12
15112,14900,14594,0,58,51
15112,14938,14625,0,58,92
15150,14978,14625,0,58,125
15182,14995,14659,0,58,169
15225,14996,14669,0,58,199
15247,15006,14685,0,58,249
15274,15008,14702,0,59,12
15301,15012,14714,0,59,51
15341,15058,14764,0,59,51
15361,15087,14773,0,59,58
15403,15100,14809,0,59,94
15424,15134,14838,0,59,108
15445,15135,14859,0,59,118
15483,15184,14860,0,59,153
15511,15213,14882,0,59,180
15514,15217,14902,0,59,184
15529,15239,14938,0,59,217
15566,15241,14945,0,59,232
15572,15247,14953,0,60,4
15600,15281,14968,0,60,44
15641,15301,14994,0,60,55
15672,15351,15033,0,60,83
15690,15363,15059,0,60,127
15735,15406,15066,0,60,139
15735,15426,15101,0,60,163
15770,15444,15136,0,60,190
15771,15468,15178,0,60,227
15783,15473,15204,0,61,19
15800,15481,15241,0,61,32
15813,15523,15263,0,61,70
15825,15533,15300,0,61,80
15839,15536,15331,0,61,91
15880,15562,15353,0,61,108
15902,15612,15381,0,61,139
15930,15639,15385,0,61,174
15955,15644,15409,0,61,208
15955,15691,15429,0,61,229
15996,15706,15467,0,62,7
16012,15710,15483,0,62,13
16056,15712,15516,0,62,52
16077,15720,15556,0,62,94
16118,15736,15575,0,62,101
16125,15769,15584,0,62,148
16135,15802,15596,0,62,168
16146,15824,15626,0,62,212
16153,15826,15662,0,62,221
16176,15831,15685,0,62,225
16210,15851,15699,0,63,2
16259,15874,15749,0,63,28
16304,15887,15767,0,63,32
16346,15887,15793,0,63,80
16377,15927,15807,0,63,129
16384,15947,15845,0,63,132
16403,15976,15845,0,63,164
16405,15980,15846,0,63,192
16410,16016,15891,0,63,232
16435,16037,15902,0,63,248
16447,16059,15918,0,63,253
16492,16089,15948,0,64,29
16537,16119,15974,0,64,37
16580,16157,15998,0,64,54
16584,16179,16011,0,64,82
16613,16225,16012,0,64,104
16655,16226,16040,0,64,153
16677,16239,16078,0,64,170
16679,16242,16100,0,64,213
16715,16286,16147,0,64,227
16754,16319,16189,0,64,255
16755,16352,16215,0,65,1
16805,16362,16236,0,65,14
16811,16405,16268,0,65,54
16831,16414,16304,0,65,94
16846,16444,16306,0,65,134
16846,16476,16330,0,65,157
16888,16521,16368,0,65,162
16907,16536,16372,0,65,192
16954,16585,16373,0,65,217
16955,16632,16404,0,65,231
16987,16682,16442,0,65,246
16991,16731,16466,0,66,10
16994,16733,16484,0,66,45
17008,16767,16508,0,66,75
17019,16812,16512,0,66,114
17019,16812,16538,0,66,151
17064,16848,16587,0,66,185
17091,16858,16633,0,66,224
17141,16888,16668,0,66,229
17175,16917,16717,0,66,242
17180,16931,16729,0,67,6
17229,16951,16754,0,67,27
17267,16956,16756,0,67,71
17268,17005,16792,0,67,79
17287,17011,16801,0,67,122
17327,17035,16838,0,67,145
17342,17071,16886,0,67,166
17383,17110,16894,0,67,187
17395,17133,16923,0,67,231
17422,17173,16972,0,68,22
17427,17219,16986,0,68,65
17462,17225,17013,0,68,67
17510,17225,17056,0,68,84
17527,17228,17061,0,68,108
17559,17228,17081,0,68,122
17572,17242,17084,0,68,158
17603,17285,17091,0,68,206
17620,17285,17099,0,68,215
17659,17285,17101,0,69,3
17671,17314,17106,0,69,45
17689,17319,17142,0,69,70
17730,17324,17152,0,69,86
17777,17357,17163,0,69,98
17799,17388,17198,0,69,120
17827,17396,17219,0,69,149
17861,17434,17226,0,69,158
17861,17478,17256,0,69,158
17904,17500,17256,0,69,207
17942,17505,17298,0,69,245
17942,17550,17330,0,70,37
17959,17580,17376,0,70,75
17967,17610,17381,0,70,91
17988,17660,17407,0,70,104
18004,17679,17423,0,70,114
18043,17716,17473,0,70,151
18052,17732,17517,0,70,155
18091,17733,17561,0,70,169
18121,17755,17576,0,70,191
18164,17790,17603,0,70,215
18168,17790,17645,0,70,239
18196,17801,17646,0,71,2
18237,17827,17690,0,71,51
18260,17844,17716,0,71,73
18273,17856,17759,0,71,79
18303,17863,17759,0,71,99
18348,17871,17765,0,71,131
18374,17898,17801,0,71,175
18377,17940,17838,0,71,225
18424,17983,17849,0,72,14
18426,18006,17857,0,72,16
18429,18033,17885,0,72,34
18438,18062,17923,0,72,36
18456,18074,17960,0,72,54
18476,18089,18009,0,72,99
18507,18127,18048,0,72,119
18515,18154,18049,0,72,149
18533,18157,18096,0,72,164
18537,18193,18122,0,72,164
18569,18208,18133,0,72,177
18617,18255,18156,0,72,216
18643,18299,18177,0,73,2
18652,18339,18203,0,73,20
18691,18342,18228,0,73,56
18735,18391,18251,0,73,96
18778,18413,18291,0,73,143
18778,18444,18331,0,73,147
18802,18453,18365,0,73,180
18816,18456,18385,0,73,204
18855,18491,18393,0,73,240
18871,18502,18433,0,74,33
18886,18511,18444,0,74,76
18905,18555,18468,0,74,102
18910,18603,18479,0,74,107
18933,18622,18492,0,74,139
18944,18669,18505,0,74,167
18969,18673,18505,0,74,171
19004,18714,18505,0,74,195
19043,18746,18553,0,74,209
19058,18795,18565,0,75,3
19105,18815,18614,0,75,11
19146,18854,18651,0,75,13
19173,18883,18692,0,75,43
19181,18910,18710,0,75,64
19208,18913,18737,0,75,103
19227,18945,18757,0,75,152
19248,18977,18765,0,75,187
19266,19000,18788,0,75,215
19279,19025,18835,0,75,236
19283,19058,18869,0,75,244
19311,19081,18879,0,76,2
19333,19105,18914,0,76,34
19342,19155,18948,0,76,61
19344,19198,18990,0,76,91
19358,19218,19030,0,76,115
19358,19243,19052,0,76,126
19383,19285,19085,0,76,144
19390,19323,19108,0,76,157
19391,19370,19115,0,76,173
19406,19412,19152,0,76,219
19446,19417,19165,0,76,240
19474,19466,19185,0,77,21
19516,19490,19203,0,77,64
19526,19510,19252,0,77,74
19565,19541,19292,0,77,111
19600,19549,19296,0,77,135
19605,19583,19317,0,77,135
19647,19587,19352,0,77,172
19684,19588,19361,0,77,179
19714,19608,19379,0,77,193
19723,19627,19414,0,77,208
19761,19664,19422,0,77,222
19762,19675,19469,0,78,16
19801,19708,19505,0,78,56
19837,19756,19518,0,78,94
19878,19806,19551,0,78,116
19926,19812,19560,0,78,125
19928,19827,19599,0,78,158
19948,19837,19601,0,78,165
19965,19876,19629,0,78,178
20013,19918,19662,0,78,191
20042,19957,19701,0,78,215
20046,19998,19706,0,78,221
20089,20043,19748,0,79,1
20108,20049,19754,0,79,8
20142,20058,19760,0,79,27
20172,20083,19790,0,79,29
20208,20127,19836,0,79,43
20239,20157,19862,0,79,72
20257,20191,19876,0,79,118
20263,20230,19909,0,79,129
20305,20256,19919,0,79,153
20334,20266,19965,0,79,201
20360,20280,19992,0,79,216
20382,20324,20027,0,79,249
20413,20361,20047,0,80,40
20428,20407,20063,0,80,58
20441,20409,20080,0,80,67
20451,20449,20081,0,80,74
20490,20460,20100,0,80,124
20540,20468,20107,0,80,126
20588,20484,20116,0,80,138
20638,20530,20144,0,80,168
20674,20531,20175,0,80,203
20722,20539,20221,0,80,229
20752,20539,20224,0,81,2
20795,20548,20244,0,81,37
20798,20589,20285,0,81,50
20824,20609,20292,0,81,63
20836,20640,20292,0,81,96
20880,20668,20300,0,81,113
20914,20690,20329,0,81,159
20957,20720,20378,0,81,187
20971,20725,20424,0,81,191
20993,20754,20441,0,81,216
21034,20796,20489,0,81,217
21035,20808,20526,0,81,253
21061,20818,20554,0,82,30
21096,20841,20581,0,82,76
21128,20884,20621,0,82,104
21177,20898,20671,0,82,153
21190,20933,20672,0,82,193
21232,20969,20705,0,82,215
21271,20981,20747,0,82,247
21318,20982,20783,0,83,16
21363,21003,20786,0,83,60
21404,21038,20794,0,83,106
21411,21045,20795,0,83,140
21412,21058,20839,0,83,157
21425,21105,20854,0,83,163
21446,21134,20884,0,83,200
21456,21153,20892,0,83,213
21473,21178,20901,0,83,213
21517,21214,20935,0,83,233
21549,21225,20954,0,83,242
21559,21227,20978,0,84,8
21570,21248,20978,0,84,27
21571,21268,20990,0,84,42
21573,21272,21000,0,84,45
21582,21313,21011,0,84,93
21591,21334,21016,0,84,110
21641,21354,21034,0,84,119
21671,21371,21044,0,84,128
21712,21383,21091,0,84,142
21745,21394,21097,0,84,163
21763,21401,21143,0,84,202
21792,21428,21164,0,84,252
21792,21432,21171,0,85,40
21796,21443,21199,0,85,46
21806,21489,21231,0,85,63
21839,21497,21271,0,85,109
21856,21521,21302,0,85,156
21863,21540,21320,0,85,190
21883,21567,21332,0,85,202
21911,21599,21376,0,85,220
21929,21622,21380,0,85,232
21965,21652,21383,0,86,24
22015,21686,21428,0,86,74
22048,21720,21448,0,86,109
22076,21753,21474,0,86,156
22124,21759,21474,0,86,198
22124,21769,21517,0,86,238
22157,21808,21567,0,87,1
22168,21851,21586,0,87,18
22197,21883,21621,0,87,25
22210,21895,21659,0,87,70
22231,21902,21704,0,87,77
22244,21923,21741,0,87,127
22254,21933,21750,0,87,137
22295,21949,21750,0,87,140
22338,21951,21792,0,87,147
22340,21963,21840,0,87,185
22345,21991,21841,0,87,204
22362,22026,21889,0,87,246
22364,22070,21918,0,88,9
22403,22108,21942,0,88,51
22409,22115,21979,0,88,70
22414,22157,22028,0,88,78
22429,22168,22040,0,88,82
22431,22201,22086,0,88,131
22462,22203,22130,0,88,134
22485,22221,22153,0,88,161
22497,22262,22202,0,88,172
22497,22266,22240,0,88,216
22512,22314,22250,0,88,238
22562,22336,22294,0,89,3
22605,22347,22338,0,89,40
22629,22350,22365,0,89,61
22656,22353,22401,0,89,63
22692,22390,22417,0,89,74
22705,22432,22424,0,89,121
22718,22475,22444,0,89,139
22760,22500,22451,0,89,178
22806,22541,22489,0,89,227
22813,22541,22511,0,90,0
22848,22555,22520,0,90,10
22848,22571,22528,0,90,52
22876,22598,22563,0,90,71
22917,22605,22603,0,90,76
22952,22625,22627,0,90,83
22981,22665,22655,0,90,104
22985,22701,22656,0,90,146
23002,22743,22700,0,90,174
23030,22754,22741,0,90,178
23059,22804,22764,0,90,200
23107,22846,22784,0,90,240
23148,22874,22793,0,90,244
23161,22886,22832,0,91,2
23164,22926,22848,0,91,52
23194,22962,22848,0,91,54
23202,22977,22896,0,91,55
23242,22999,22939,0,91,78
23264,23042,22943,0,91,100
23265,23089,22966,0,91,115
23265,23131,23004,0,91,152
23307,23151,23040,0,91,187
23334,23170,23083,0,91,217
23349,23196,23125,0,91,239
23392,23226,23141,0,92,15
23406,23245,23144,0,92,61
23451,23287,23174,0,92,84
23453,23287,23194,0,92,85
23465,23309,23202,0,92,104
23510,23357,23245,0,92,110
23542,23385,23279,0,92,118
23544,23393,23296,0,92,161
23560,23421,23312,0,92,177
23561,23453,23324,0,92,224
23588,23493,23340,0,92,252
23612,23511,23358,0,93,32
23628,23556,23406,0,93,41
23658,23589,23416,0,93,53
23697,23599,23455,0,93,77
23698,23616,23501,0,93,105
23725,23645,23522,0,93,113
23743,23682,23533,0,93,119
23761,23722,23572,0,93,159
23775,23723,23611,0,93,188
23822,23748,23615,0,93,188
23824,23769,23663,0,93,195
23864,23804,23675,0,93,205
23902,23837,23695,0,93,229
23939,23841,23704,0,93,252
23987,23853,23745,0,94,27
24011,23901,23789,0,94,53
24019,23937,23808,0,94,89
24064,23984,23855,0,94,133
24076,24023,23861,0,94,165
24116,24054,23883,0,94,200
24150,24055,23904,0,94,249
24169,24058,23915,0,95,24
24215,24099,23951,0,95,46
24257,24121,23964,0,95,49
24287,24157,23993,0,95,58
24321,24162,24011,0,95,68
24339,24182,24034,0,95,100
24375,24190,24068,0,95,100
24386,24193,24081,0,95,123
24429,24196,24096,0,95,150
24437,24220,24109,0,95,190
24468,24259,24134,0,95,217
24507,24297,24138,0,96,10
24543,24319,24175,0,96,12
24588,24327,24198,0,96,15
24592,24347,24227,0,96,40
24594,24388,24235,0,96,58
24627,24430,24267,0,96,70
24674,24478,24304,0,96,83
24680,24515,24311,0,96,115
24709,24523,24323,0,96,155
24720,24560,24348,0,96,177
24755,24567,24397,0,96,197
24772,24580,24416,0,96,245
24821,24622,24433,0,97,26
24846,24633,24439,0,97,29
24890,24676,24479,0,97,45
