header,entries
1597,11892560;11804235;1066898;8944767;16728016;845704;2644635;10902264;8457478;3906116;8654333;5703063;13230172;15978757;2792557;3886686
6727,13220041;16573013;10137704;15177809;13386967;3468112;6045264;14848050;7992086;372815
52036,12225531;7506479;5985076;7864981;5591532;8731042;8870323;12537645;537754;10268264;6535761;16554631;2560478;9871068;6953806;14301191;8536366;12071184;7223912;54338
20367,3994536;5647148;3715587;3987267;7224465;1685941
37882,16061122;9660074;12402007;8145093;479988;13081286;11149347;12007853;14144991;11218271
57977,1260603;11188709;14538705;14905148;6445821;8541126;666792;14510054;2233918;3160398;412838;6135343;2959519;3366050;15082641;6881857;5582859
46259,7430923;16019045;1787910;14631962;7360337;6531144;2244774;12101327;2585809;8919140;4431524
40610,16718053;1911426;833508;1918013;6087558;13870014;15345292;12683142;4555366;2193965;11503583;10504279;14196646;14903965;8021153;3035934;1293697
18468,4781471;14911650;15108071;1058196;8887572;8786957;3655039;742146;14777410;6345128;3392042;14286796;773750;2867338;6178781
38218,2710593;3040694;4441417;15838481;3209037;6029241;101266;167465;10079724;4214594;6334512;186787
62179,9294804;12026366;4884778;360614;3517454;12120291;6823988;6179356;8048709;16510239;15289509;8416581;11702732;7598354;695170;15679909;3693928;5184462;14344275
42187,608093;7178868;5262630;3852536;7728670;11765016;7432597;4876104;11700425;14991657;15868627;14684413;16322875;14501586;7015216;511685;4461866;4942567;14271973
61757,5146876;15750778;15133675;6975900;2909524;9560011;14233687;15771123;4458466;1015317;6830027;15037916;10141679;14661050;3749574
4702,3559873;11412110;11044327;7879537
47957,11296985;44234;12772638;983591;7998129;11130805;810361;9257135;2670990;13822297;9915169;7692131;10739469;13149994
59643,14868004;15167318;3201429;10203631;1241034;2616026;970014;14572206
29515,15952649;2958250;13137170;5085354;8016763;5632509;12202636;2503048;2778635;4941459;8442611;16662829;3304195;5017466;10129040;4864647;12971091
27224,12014933;11208110;4343639;863059;1280738;9669487;91405;1545677;7117604;12339381;14586177;16704034;4091276;4964786;7116279;9114204;1484476;253709;13911435
42327,10738723;495200;3380361;843210;15099568;8184386;11745321;12060492;2643482
14218,2353178;12534504;15702739;8867606;6671990;8098551
10465,3332920;2560549;5513852;7522767;7020646;7233899;2430226
35475,2073166;5109936;12123897;2210363;2822872;12099783;10549053;12426343;9671828;10872720;4229269;1671807;2696724;5403109;11804126;846096;12069243
36349,16389878;534403;2435416;16646020;2555105;6672614;15129202;15813641;15278973;2419493;12700385;15368184;1969545;3014409;9029415;2283419
45868,4340270;2169846
25657,3832411;9358323;4330610;11754313;27145;6972758;8743827;522441;4242697;4764325
50087,1972198;14906692
41792,3281609;15257067;6496805;4017999;5294624;11769789;14433007;1827197
17739,3134579;3332379;10090356;16624372;8344734;336086;8361210;13920373;3889298;683856;6986795;786116;15189275;14449079;9015531
62851,16221243;838612;5079446;7669503;11224724;10796377;15595510;8906489;12229906;5904831;1386498
1201,4887572;2600083;13708141;6553282;7060193;10953773
60077,8129169;2966322;8029615;16466083;7168869;7397575;6717409;4925582;1174419;2886592;13811173;8792807;15759719
32117,5065856;7141434;146051;7586064;14404552;13863593;16328440;3642092;15648741;10439665;879635;643832;3190559;7248755
51678,795439;7000743;10770741;11724144;9181233;9516935;11499641;16243309;12576964;12169554;5985809
63274,12705912;6244783;1369132;13283232;7698261;10865947;11517693;4146077;9345681;10213199;1560280;14504726;9530354;2705855
10670,1367426;6921518;13956665;13746572;12921498;4047428;14979653;6919092;15322652
56430,6406206;3616757;10118044;16659795;7993637;5639011;6323090;13029380;7572004;8668000;9069121;15568543;1307498;2401685;5820887;626142;554048;12703098;14613968
1469,8639884;4979792;15442657;6903036;1097422;2468539;2254627;15302828
50109,768579;15145678;14399425;308478;8218417;3094283;7400147;14094102;5947562;8915428;11079609;6841514;7112113;6659420;13521764;4050667;12303245;2887492;6348645
37895,3783983;16275838;2245493;15381656;11614201;4621641;3974681;6435716;12439866;13879955;11858107;4013295;11774241
6594,2303791;10444117;12964232;4132633;13754142;14703477;3916918;14115697;16005561;8321577;15423066;6764828;5785566;3128158;5697935
63073,2731283;12882040;6521097;12186317;12156805;1777043;9659872;1120503;13411587;7324677;8546285;3512376;13709244;15902207;10708845
34262,15284324;15163525;4054233;14302120;124842;12531516;2745209;14554473;15592839;1750855;7897464;11664732;4661623;13171960;14595384;14573745;16277305;15340141
48159,2524366;3440975;5288022;8560073;4460828;2465423;15305115;6795384;7934407
35044,7158889;5829496;559239;14484195;4983996;10739744;5375721;2872097;11889439
8753,14755421;3088107;453984;16691785;9857229;11066476;7249334;1785745;1653089;7707239;15816254;16776625;9046300;13787426;12012621;14124067
15531,3098440;11573389;2440457;13881840
51460,3093919;1426678;8026568;14865769;11376253;11980423;8060188;1554489;137321;14224227;14778232;13718394;15898072;9610522;2503766;3155867;254633
21204,13322403;6986850;12515453;7370567;7892066;4167586;12620801;14149934
17003,3797124;5488550;12660453
10360,1634942;11221451;479300;9699813;7400046;14019690;11323388;11411079;4499762;5906628;10046136
24773,13504404;8305993;16649479;9255744;11896759;3635722;754230;15227601;9014202;13815676;1203425;9057264;956175;6922637;10539488
50757,13039824;1457749
37430,6066157;13114120;9605638;14507367;11509157;12780596;3137667;3050012;41533;11984361;4351474;9198832
28254,1667297;8649217;9326517;6220746
38685,5553677;16584783;5652979;13910080;2250257;16413694;6793181;5424324;5804151;5156691;15366593;3464431;5633021;16134291;6412392;16725976
49295,11289901;14449846;6882520;2219477;5898115;2240810;7265949;2454857
40805,12019571;14517394;16031033;6909505;12379209;1247607;868821
8228,7145035;15614713;4466971;15394705;6614772
2904,12803073;8821447;13488811;2707707;216446;3921705;8858003
26477,12908433;7116925;2965702;9793780;16342031;16127466
19291,13830689;16015202;10080923
64010,16667499;5571399;1326426;3589649;10898928;11808693;12077799;5159186;131360;6009929;8372289;11006026;15505824;16461680
29806,9153583;9109306;8814785;16485269;278893;15954606;10462536;895383;2886919;945099;16245881;2635994;4613754
6088,6889185;6836485;11831699;14688547;7579324;16134072;14983298;4206845;9109599;6350138;6534159;6011949
14243,12812057;4077341;6388438;14818257;8144955;12388869;10131718;2114915;5957000;16371929;12393818;1162430
5206,5102882;9902034;16362431;4523326;9199202
11844,12169775;8586392;12216216;7164668;9653812;3229327;2460597;4283693;8507778;13428863;15002818;1905106;12423213
41176,8436587
22113,6051141;12327391;4346989;2290675;13616187;2578329;13266723;12674721;15803572;9597175
14864,7381670;2425346;16145013;11686110;783628;1769008;12651976;3633917;6508940;16344706;4184590;14730714;5576915;8806644;8062479;15484127;3150486
13409,15455236
40045,12474430;9141142;10935481
51855,2700899;4925710;9469451;1428450;1145418;6775751;11329861;2114283;831854;9730421;8540704;6323155;11578787;7587272;33250;16150648;16620522;4608457;15060766
50248,1104717;12339171;1136892;11523092;15339289;3908087;6714626;3224299;11425392;11119448;6940229;11928334;7808314;5116837;7858973;8472806
42910,8432801;11232800
170,125237;6806900;15533980;13734949;13823057;13475081;5784452;11868139;6702227;3597558;12475812;577520;3558857;14085378;5146667;9253940;402
60688,6357824;9755779;13948562;2287391;5031968;4448500;2542014;10110798;7653912;6235899;8638704;5278911;14809311;15321821;8696436;7004405;10349420;12876703;12235441;7628838
33832,12083951;2128831;7641835;13052212;237393;5475755;2009428;15673380;5946147;7907618;15055090;2260437;14187625;11739589;11774850;15208277;6692754
16065,5137958;12892389;1087349;9325259;13035081;199869;8853407;11711057;11598208;15867476;11170409;8891699;889493;8479074;12586452;13527905
51294,14551844;7647994;14602327;13339059;15572534;16653747;2622127;15625450;13498139
42127,4528711;7456982;15887259;12054176;12493482;4051689;13228109;15857674;2760183;7905991;2096411;2225459;15587991;1502550;1432453;6956685;15870537;11826670;3620661;6104346
3130,6450287
12346,8927087;2892880;3313426;12517083;626260
24259,8029656;5013565;4481271;12068697;10773507;5907381;14886337;4285791;3140253;1320652;775548;3679081;14740882;3017261;7424633;5673231;5133102
34567,10848232;10091588;12206172;2475529
42865,7656890;15899840;4239782;14020997;14049529;12952338;1838129;861059;11424965;12798114;4527792;4843314
12843,10565643;11343534
19259,3154500
35199,4380766;7725958;5221538;13559627;4856095;11594916;170144;2123214;12739241;10801061;7984347;4182379;13281899;14670018;12650934;3973987
41936,16301982;10860696;11950569;4212662;3744249;12097106;14389951;13622411;10363868;3392818;100914;11984535;10045434;6808416;13265989;16647815;3407248;9381255;3379342;2403182
52070,1773137;9017421;4721101;5728262;9527249;12727679;14107991
52747,11199853;6519169
12074,5559770;8199286;5983396
64760,10400461;15470342;1321760;10881185;8106694;3385710;13312558;12571545;4882021;13713864;16677382;5479478;15252520;10565009;6864534
16643,13319972;6111207;2678044;2211932
53607,13268295;2136999;4872647;5462615;16279507;13996537;16308044
13336,10773300;16327805;5073071;9099387
47646,224463;2509963;978095
35970,6203936
20122,14122985;10356584;4524433
14410,8459017;11399111;9240416;6853197;1492268;7796495;12892817;3346614;8539684;3455952;9540299;15316314;8583232;8808848;4983813
59338,16400909;9289843;16645193;9131628;14635518;4684489;1832887;7327500
41983,4582192;2300174;8988997;3682980;5805774;9712023;15863416;719255;9829650;15039760;10106709;2439188;8037866;7928983;6686756;11253323
42558,765436;5455318;7168705;1187208;1782865;14709739;12606054;63587
31325,15656118;14814289;12713223;8530360;15511495;3813346;7776750;6966463;12881070
55227,6427292;2606502;3963010;5554535;13502892;13395478;13002669;14707768;7797654;9835558;13804000;4401304;5894682;9632594;15743583
51658,9853592;10280255;11117284;9697961;11585263;12207332;7094393;4229150;9797214;11412185;11058372;11882202;3227642;13048650;7017087;11730818;14344598;3491368;2127418
46822,15618230;5493945;5463735;5998256;15178534;819434;13873622;3011593;3932481;9674552;2803302;15347737;8731636;1375787;3770283;13303331;4093142;10337339;516121
35365,5544568;9033146;11980792;6243432;4354788;14227360;868958;16441110;6178646
56242,9998462;9099966;12084174;11283861;11566711;10547300;7426390;14289946;15703613;8781632;11822896;16341293;12989955;7429419;9497595;10026863;4433515;4118060;12217240;14368116
31173,4200449;9144609;8950558;1644852;12770951;5105063;13682758;7226775;333847;835652
53977,14067756;16005695
39306,5424364;983306;3003589;14905889;7943176;7094766;800459;724391;3228820;4356311;13673300
31311,9234928;6175408;2127487;1085310;11952283;11372993;12330006;11073406
36673,9332388;11331802;3076807;2377090;1020755;12110191;8460765;3227989;7668689;12885710;6317090
32454,10790414;8028284;12499223;6500276;14624782;15810512;13678869;3954088;16754799;564400;3987431;10964157;14753292;527626;7902281;15300738;12730306
63949,7211049;7915061;10576619;11469262;13834083;1050797;5894770;3122407;5616;1016904;15349540;9071137;1915171;15306716;15742931;4612092;16439483;3159663;4568298
28489,13536818;4605856;6806772;8339134;15113001;390226;2637279;15356728;1589177;7213228;14525091;9804277
60931,15191935;6362046;3034575;2434125;12234583;8176689;4240955;10515020;6078462;8250028;13320534;14992523;9980324
11443,2773788;1895246;16765163;6042496;308106;8116670;1393214;651771;5089969;3694572;198931;4008193;12022988;8237236;7358194;6982721;3698321;15622985
19955,3118194;14746603;1139267;8628025;4531238
19220,11667129;6296652;15946380;11652960
40029,747737;1267767;5905086;15104231;12412380;6620398;9202198;14878220;8106682;15517256;8273288;12181849;11393713;6944837;10634799;2845456;5257345;4236494;2220422;614185
46307,6205156;15264053;4780412;13942338;1377979;5579792;10387240;4132735
34287,8551103;7728873;3339764;8689965;8343379;9498946;13429145;11513333;3793219;152407;10572308;8660575;1181851;772869;14750686;9935008;16775406;16058942
17211,2863257;2801124;6417294;16261756;4997018;10749481;6216873;1869372;4793355;10958862;4248481;13477756;1224971;4368491;8341682
38430,9534261;1152358;9480980;13113347;3070352;1085325
44698,11738087;3523147;5082255;14627102;16234184
23777,13781141
63896,8326990;15485494;5143042;11953173;6028795;11231678;9094007;14918068;11775135;4597996;9830821;14935813;15869573
20353,12551704;9525134;13075759;13760952;975067;3810518;13223204;3552821;16233592;1220519
56767,13353056;974382;1321481;6186573;407306;4168227;597406
33664,10370845;2636774;7439602;15155475;7126225;7937348;5634725;7688994
13982,5150593;9357329;7912877;11661352;4889422;7602930;11993795;16176927;6893956;15732496;6728202;3963735;9876720;9105254;9593054
10513,15549498;5019405;12409312;12019516;2906882;9789435;7606801
58876,7679078;7346731;9982139;3973111
2165,2084485;12292970;10652970;10416674;9115648;7565840;15937716;1704805;4114863;15470251;15164198;10031123;11332510;12148722;662023;264195;2940510;3968083;3502414;7524882
18960,8560263;12077300
57533,9690343;8115953;15710743;10719044;6040344;6043983
35957,501411;11476732;193716;4074997;8392192;9602975;8449931;9329676;8711892;5679755;8373223;3063338;13057981;13828251;14165479;2454194;7454425
32414,15020046
22680,1382868;5299104;7661788;10125411;12011314;9656372
48885,13854656;4842752;14073738;9711735
43502,12657964
62650,2101382;11850438;14945642;2105597;9901303;9038448;6255128;15382439
58262,12758113;15699313;2724422;14963485
42582,8289496;8024342;9395610;7429794;14316211;14772103;13066968;2208791;8033408
59597,312643;14495409;14159956;15865449;12910239;3503372;13769120;14985690
37860,14403294;7958367;14305921;4027241;13454911;15499244;16737029
501,16109410;16000249
55175,8188034;3149882;2355645;1498415;11060429;12533146;7003840;1991955;5146948;12610984;2667332;10866591;379025;7025196;13180084;2916232
6594,790037;14032871;14888456;15257028;4400276;3739803;1824828;8321740;639497;12335063;4992173;3581653;505545;12196271;9322735;5918787;7655920;8767413
42577,12359390;10649864;15452220;9684191;3430029;10768695;12697814;5216688
9602,12617188;4521984;15677568
63440,2688402;12109611;4177440;2001854;11813536
41866,75128;15962504;14875130;4014885;2359108;8806825;10923514;1448965;3651997;9815936;10478201;569570;9127422;11965610;6398106;891410;13366509
50293,14676575;3604339;15382465;2052052;13718695;10926975;6588068;13051934
35838,274330;6254717;15460613;12584027;6676875;1778115;11698487
46386,8716717;9751157;12439280;6222811;6714648;9990650;8177466;9552436;12812921;12581985;8594617;8957083;12095695;2284517;5024742;13125268;7475625
57280,1037658;9666495;15641247;11460494;8501425;3147287;13003666;13892203;11739638
60794,11656239
13652,2238038;10632868;8310878;1210886;13248222;11552858;12005318;2477800;2045181;7373181;7046542
47326,787600;7982405;8053249;13108195
19292,10765530
39369,14318613;10504311;16512500;15429806;10077786;2928128;5029428;16573802;3808605
49576,3256320;5094883;16569109;2769327;708769;2112739;5953104;11831755;9405494;11773289;3451669;2998377;16763834
43690,3501520;14884147;12490040;2090034;9462033;14279220
46928,15357732;3063499;4598070;5257559;15476735;14329011;11005510;882020;16329295;4686359;12899356;9742973;13612330;803351;1511090;7866418;7465347;5558515
38243,6046623;5088180;11489409;13922178;14497889;11267782;5944694;14582466;12083473;10156761;14805153;13761759;14294404;8968097;3352336;16041730;15643323;10697930;10917785;1577511
60774,10182342;13160681;2479355;404547;15575819;14542811;302928;1553271;15469124;14076009;6942976;568015;1510268;5507074
17628,10242977;4640842;4328742;12165381;7179654;12832129;7834941;14104768;6600701;1004692;15294172;13616691;17768;15994378;7729362;4794398;5568859;2464523;7495943
38645,8221981;4974322;1819555;2623746;2837100;11399760;5525513;13538378;10040980;3426575
62932,8381509;10954067;4793583;10947651;4665989;9260435
52807,1063476;7239521;8241213;7349113;3563866;515139;2089225;5254015;7572113;6598551;8124723;1040541;4861849
34495,1057959;11870500;10667081;11209029;13528042
35315,3995385;10035085;6933150;4229107
56760,6087329;2875406;8909923;1591143;10514586;4239418;4744014;14937904;11321029;14691121
16039,1627857;3438624;8981133;4792158;15193915;3539275;5321265;11534848;8153578;3430760;16737788
15303,9267268;11953452;1644844;11289755;4623782;2064908;14411332;16570829;5239416;8085954
482,425991;1830066;16198295;9351816;4840550;15348756;300182;3111649;1147384;961262;9992632
55989,7490015;4007110;6480180;466385;15030376;3539161;16526818;14764170
3786,7954846;15774629;8556964;7466303;1543194;10058301;1635961;1647967;1746556;14514779;14405329;11552662;13759476;9699233;15301617;9335286;6674412;10979028;9616066;2992639
35415,5349954;633356;4551420;2113513;828925;10481074;6509689;14730494;3505253;14302201;11055455;252439;5518500;9483100;10966459;16454857;14672879;9143674;13586106
40475,13827891;14021906;1966554;15680828;14694835;3248231;3942434;8233671;8136746;5644768
30307,7074358
46186,12154108;15027982;2401813;8566583;1635794;3291810;4137903
58658,6068975;1714870;10019265;7532315;15367246;8151750;10753144;10265129;775434;10188540;883538;5205588;2897249;5879562;11476037;12697672;3189622
47725,11571326;15543263;4465863;5075959
61880,5687236;16289872;6211794;241190;270632;4302149;10235420;7508810;378885;16019469
8232,1302295;5152816
4725,9658868;15377892;7889887;14740511;10247761;14405757;5439121;2246712;16286140;1106650;7618692;13611758;8151126;13622046;3197326;12194451;15850620;3958375
61463,4101656;1242917;14559995;877725;2230279;13810544;6356486;13545903;4706559;3997080;3306454;15174168
38215,16485569;11511526;15408587;8795665;4057929;13405847;16216518;14215231;2138677;1930041;11168218;7428045;8305648
50180,5280387;12238802;3169430;11071458;5802666;3797016;9089372;4948375;12129364;10049701
21569,16323122;2939516;8093622;3616279;4979669;9283560;5765210;7197521;249435;9730454;3073012;7702085;4457909;9970999
42664,946591;7530956;12252906;13595019;1278495;13026892;1174533;1651423;2126358
9432,8870507;297732;11168702;12616632;13663750;11987807;234591;10332535;11881403;3243269;16298294;1728971;7635082;9961310
24126,8662912;8589243;16253548;6409904;9491921;5465699;16155710;6953552
57357,10680115;497929;6748487;7162742;5043846;2308097;1272628
37868,13616423;629332;571335;14988121
19959,6111003;6115390;3563130;13651347;12475222;2680668;7788863;3060904;10575259;9186495;15959564;8696687;2741593;3082882;15898217;3474240;15592644
57487,5913546;13854082;3464975;13367113
54449,4099276;3046137;6787780;8658022;9172238;16281735;11584305;2091083;7349877;12207765;8242778;306945;13980208;5980966;8981980;2900221;3996127;7137289
56093,15560983;10870456;5771133;872681;16451676;7583071;4303481;4651979;870125;12110831;978859;2451973;9308271;11632267;3971393;16339616;7315610;9034843;2838653
58259,15200982;7789208;10782518;12717885;7610892
56560,5242219;4025421;5066244;2822573;2746712;4794302;894298;8400648;8325749;14065687;7508491;8829759
32503,3130593;6314788;4024004;9297752;2424212;3952156;6269663
56319,13323391;10573955;1360372;12500777;9133524;1867135;8952027;1462507;1185886;5487849;16242746;5168514;215556
33190,5616152;15390284;6745827;2997358;16237839;8537221;566619;7488982;16305379;9684918;4355110;11587451;2066203
36097,4243290;11568295;8979168;15869406;13111927;1843842;8996842;11765032;5963602;5941300;15101319;6095807;7417160;8983801;3836120
56693,14254356;2298335;3262774;924658;1279065;9088585;11685646;4820078;5013340;9882060;2819227;5143018;74504;1162289;7129452;8151867;9604048;14028341;852000
41703,13699272;4907977;14978698;2208914;14932744;6309504;5700229;3877402;6673787
32673,1817066;11775612;7451088;5428467;7908452;15173017;6377755;12999018
51636,14907103;13647157;1177244;6417559;12597438;3097666;2407592;10276371;16433260;15049222;6713227;8394462
34111,13361308;6692333;16529935;14130278;4728497;6683257;388920;7852838;1795130;4248722;5128324;14239187;307598
45501,16001549;4525452
6583,7997904;8444597;13310704;12557924;13622624;15568614;7051431;4330145;8966364;10050150;12703591;2457650;1062123;16698785;6173762;8507711
14971,8598641
43903,11713239;3239692;15156735;10548363;16382609;5962267;13161235;12879601;1796696;4098357;7657030;9032246;16639394;9313296;2256132;1667830;4257678;12915186;9727676;5551506
61102,3365326;9064431;7370392;8014581;37397;14932393;3722240;6493488;16525257;15513666;3600107;10337641;4975655
44467,4621436;8530510;15101130;6464124;8691604;13843328;15373092;1545276;15992420;5503260
19665,1281274;12613924;2835877;7264189;14306872;7822369;13780798;1065190;12856290;5671597;1275660;14539538;15062486;8369999;354871;1054833;15232136
64532,11914603;16069368;14570752;5588030
57643,10213168;5945598;9601299
6177,2690880;7692932;12317301;10061284;14938656;8969856;5321321;4814071
60450,10255056;2892744;1127659;9433756;9824505;7592340;14154753;7509388;3506657;4794249;11070321;9680309;11804944
25788,7165889;3688301
45229,5192447
14401,13778195;15308832;5015589;13074963;10622105;471608;1445005;7815353;13177162;7968895;11849769;1376816;2054989;10221371;5812568;5701643;953092
60736,13712069;16364958
54078,11291749;6010742;10301623;8336818;12313022;15233604;12075196;963948;1542331;13196125;5325740;16371485;3442271;765554;6514332;4790188;2049082;16218542;14068766;5565560
6270,9237742;5018191;4270521;2564248;12885653;5672982;865030;13669104;16280205;16269845;16073741;9320188;16033218
34279,16292893;9805475;5296213;11226753
48572,8270330;4848134;8395397;834031;1492554;2087672;6640556;14040884;13841248;2519329;14708744;13738634
30312,16743244;15742949;10634201;1094787;15940446;3105441;4809518;11192843;8855991;11753937;10670213;227223;8913053;5984117
59473,10141988;951643;9688538;3725113;3964849
63582,11232205;5336518;10183058;12631762
49294,6645973;1149070;6228357;14898571;7761
40724,14693894
780,12935049;15076659;14322970;10452134;9742534;8436655;4005295;14989502;11924943;4543413;15908824;7206211;14058627
26976,8358459;9929290;1886065;3996367;12988655;696295;4311321;1853231;5578342;4119066;3152378;10286665;5099119;7373940;6135972;8578270;8020713;6142565
52330,12601813;2378250;2518419;9773459;1590638;1069781;3129862;14595459;8840489;4518069;11913748
65191,13468594
14404,14892818;2726186;9839249;368892;3869817;14127796;12893796;15601141
61553,8652058;10567247;14166889;16246674;9979312;12258110;2818156;16533824;1301359;1588117;1134484;16633733;144430;15467962;7790498;51306;9998601;11914003;5536775;6247671
54549,3363946;5303338;12857818;15893342;7056536;11501728
3061,1608499;16379187;8374921;709334;1999131;13604561;12818195;612433;1185847;6246379;9836117;14564810;6444931;15086687;12636865;12952763
11904,8895367;15520337;2461604;12587245;11693300;2186429;8725746;8140570;5705759;10848655;12275506;788532;12425150;12989561;11126751;9022962;4391132
39551,7288729;10847092;9838418;5112280;8487251;6693629;13173208;12109825;15372861;2570432;2892735;1645415;10159375;6855508;12235145;4905710;9644860;14404050;2277830
51462,1870074;6921511;6276161;9949922;3507049;13878076;4740320;2298125;2783412;1072481;8947168;13486309;5471339;476790;15058472;3410259;7590379;8085885;13856832
44301,7651540;7725146;12506786;12792819;11122941;2230819;14170453;15274153;4041799;4688567;3413283;2207591;14290237;13510414;12725575;7154289
32645,744423;13389079;15167679;1184860;4143652;11970381;9422220;8337870;5693285;11123066;12015607;9120722;7742211;1135829;2788876;1156541
11179,11092312;16561524;3205751;7130996;4430430;8409861;8824875
47290,434877;15663281;4920508;13210548;11596518;2547950;8280535;2378874;1301563;902789;15363533;12526935;3044280;807796;13951953;8941670;1343494;4765678;3197898
43141,16116746;16773320;7451908
24515,10392091;5988232;703888;7106037;3705994;16344390;16610426;4287315;12905374;2644419;3546605;8173931;10537358;9792184;898685
6935,14388143;13358080
23801,2950561;3969277;8073766;10028509;13883424;2670489;5980405;14130845;10161629;5342169;14376015;15540228;1055026;11766379
11056,5827407;685797;937463;15823366;2778555;6996672;10225384;10689785;7602082;5591542;9021509;3748751;8547864;2135725;9176168;14983036;7905858
62853,6631277
53732,14014864;9005787;4101132;5347190;15865323;1632634;1727176;4085243;13345854;14080192;1606836;5357068;8459705;9438686;12193262;5293959;14312698
63308,2687178;924329;11775574;10306680;16464085;10615323;8067017;4542844;16690647;7530404
20367,13997657;12584111;102876;9231580;7905758;11007977;8953040;12897854;14211926;15900473;4699233;14685510
54286,11612040;13690105;3569848;6995128;4398602;11828650;12729503;4582185;10608221;4757293;6520318;2540348;16147895;14376180;3199436;4704531;3122847;15372723;12801947;13127943
23188,8199816;674429;14536982;15228115;11669796;4350839
42263,6516801;3289392;16596484;3682553;4044566;358197;1171138;2914010;9583077;9868953
62079,5907885;4063533;7022016;13230458;14901882;11056873;709477;1077833;3022394;14071279;1413510;12565701;16776012;3800173;5872722
35363,5976741;15239775
5804,13628177;13226545;10164798;4914587;11995328
3428,4368473;13709587;16682465;71831;11358521;8770773;15315527;16115944;4615571;12403997;9879613;10143714;5076312;12249023;2485126;8290363;7083395;12965289
40154,3751837;3799573;3024966;15498407;15351856;14093288;6000346;6922851
4041,7242396;9914391;8088204;15874009;2997447;2535324;13588268;8013875;16098685;5495132;454325;8926170;714593
64491,16465025;8854599;14827788;15640525;13745199;14143460;13549463;10473037;8824041
45843,15767662;15532591;893197;12567663;16014350
23421,12447851;3331933;6846879;8847546;14163215;7055129;10826840;14398704;9580212;3965042;989439;16271293;10850675;8017098;8831644;15030348
5472,6309396;1255713;13631999;3704;13805118
32607,10338474;2726492;5600310;12496160;7121725;6623662;3086822;14855791;4492478;14355516;7320427;12686955;3120818;8431629
63600,9622572;11060846;7390658;13831885;16068788;2647688;5628303;3412959;11173822;15959824;2672970;1346431;5813814;13174163;7568364;2168875;15844621;3566050
57534,11135664
52459,7656786;13986590;14807850;2288783;12909263;11886198;10933959;9252679;1452763;9087357;1390125;7339880;3994659;9107764;5722917;9177174
36873,14936645;4433413;16399257;5284779;6897866;14675038;6258527;12310135;2307704;383798
37365,378276;13160638;1643499;4947905;5067714;14894950;11804098;9253724;14829667;12735333;3015409;7684624;14531444;16657954;8784896
21190,14274614;1391941
65092,16692349;13313352;10954279;12440799;14588547;7890457;5695939;2745979
40728,9003306;8607821;15914512;7069491;2199132;6174268;13673622;9910067;4340875;9045920;12165168;5323286;16618703;9992703;9049180
4182,6720570;7384197;432249;9232773;10084926;9274694;4267980;3701292;1491637;9980757;4404114;6234239
25420,14439449;12117947;8991281;11680048;2144052;10513317;14924698;7251520;13183444;9627062;16349603;4736828;10362122;11675849;10221368;1543805
31134,6078630;15082214;2225977;1975205;3172501;13332986;10622318;11921026;11049661;15927593;2358286;13721713;16236684;14471828;3310325;8945624;7883557;11922403;5220203;10693342
28765,11213501;8241607;12992514
42000,1044661;12928465;5417719;3693422;5640410;14386364;6102950;3336094;815101
32668,10837682;7542477;10162731;10201108;5046570;9679620;958778;4015984;14225304;15413337
27392,7114550;5766742;13019084;1268523;9258189;3834816;12219711
20966,12501579;16373957;16411167;9929223;4343312;16096363;15321791;15795447;3956539;15934166;14658682
39980,15923401;5018203;8600579;16655187;2112062;5468752;10945368;7223111;8595773;6009225;4980666;10704366;12344165
25008,2547488;7471449;2646679;1732547;1146202;15867350;14525326;9822099;14237383;2876324
63115,7984052;13442513;9759403;12637361;8485457;11648171;12871232;7301533;8975989;8951118;14088448;14559387;16153567;2855965;1007783;13994084;5157704;7876597
47642,4320287;11098667;14230851;5932132;5055969;2536301;10702170;7381317;7608995;269781
16624,3199214;775940;13413719;12597098;8713805;11377755;1991307;8605721;3494740;4719235;348369
46773,15728421;1818393;7467677;4575008;820262;8526743;352889;2242082;10883347;1254877;929161;992156;12597265
59222,6400902;16553871;554343;8659456;809752;4907029;11035772;6345129;5024942;8395567;12846179;9467517;5929719;2516034;5803886;7186514;16023909;10778318
9279,3020760;9771746;304886;7762585;10197750;12495256
18978,12309476;14588742;16201146;2722013;3667018
20817,12208909;12138564;6170637;1547060;6519635;1036580;4524603;8944595;5671033
63437,13476842;1131802;10172770;10097759;1199945;5096872;16634783;8654779;14041569;14222189
42843,15364008;7892263;10699295;13954454;6712953;15884877;8124509;5075920;14494165;11122177;7319245;6585853;14019736;8672216;2512374;8673325;9936228;6189940
19015,11181509;1712020;844874;4023342;10881229;2864084
4758,13867834;1393774;2283354;11592371;2893858;10092984;11940465;14995583
61308,2303890;16183870;4338332;9311456;1257461;827761;16482318;1540261;9668071;14938767;5799519;11544060;1441342;13194241;10264250;16265720;11850439
9206,16339717;3755402;15311274;9542540;2750455;4131435;14332106;2392530;7753002;5593541
16334,7749048;8065647;8967413;5648533;4960108;2246429;5131183;10785088;5332011;16737924
53519,5209243;6442899;16584576;11241647;10974540
17166,6332694;15013465;3086910
47176,2545643;11907305;9551462;6281412;12112652;5986754;3023076;15017723;8509897;8491717;6423687;197124
45374,10745654;14585334;12368262;4809738
29052,14231652;924394;9932661;16477303;11927483;10583987;14092043;4683927;3359488;5871218;8238260;8528191;4061647;12367404;12254217;8685673
51565,5127141;2018405
51713,7279390;6780134;8597879;14566555;6589142;1020084;11987576;8226980;10203919;10387061;4977937;16241089;3358772;10508066;9865860;5047206;7927914;3567034
42978,929553;14458037;2922849;11878734
33214,2547446
17351,6482642
54866,15422522;9445479;15583912;879181;14061437;11041309;15288342;560552;2567575;4234528;11489420
42756,2719619;4012664
43464,1754014;1216071;2758977;14938617;12057587;5713144;13889336;1493587;7660344;2777294;12875437;12758614;14367419;5110479;7557471;13637250;2955602;3131310;8709244
28596,8046206;15986217
43178,15758425;11698540;12299125;11444625;4352438;5814869;6152001;13032620;8889969;15263609;2882110;15890176
29539,4919809;7810725;9338924;6557469;9416456;7782222;4520546;13555643;997658;11158507;2160623;548305;2603652;12489167;9699753
19465,13709675;10669334;7013867;12043873
61829,2842307;67370;15664915;9842403;10620312;12066022
60353,4621407;5681216;754831;16371544;10097369;568210;11249821;9796936;3168041;447716;7960154;102835
62526,11986531;7254858;2411815
23151,4964542;14860043;6707478;15230288;4999315;7613923;1304845;6979933;13159109
61291,1392795;1780606;7868268;13193375;16276703;522732;10057605;12780223;1616490;9341091;11631861;4270051;9363347;13752252;1661169
44639,11151793;6187791;411022
34534,12658663;14217469;15231402;3150878;13909340;1062414;15700746;15987943;16169407;5092632;9185381;8301877;12235304;2598960;5318301;14507984
41449,9989960;5055731;16766;6093140;13149038;9537402
10456,16395417;9024160;9482486
47047,9839957;13898292;4147381;15849555;7766236;3731522;10709449;7927828;1856240;5590947;14091823;7245041;2758168;519817;14183932;15778964;14063561
12780,1583914;14029994;9501938;9669685;1059549;8027273;14211623;9143483;7412422;15177853;3230571
7539,8408438;3208093
17845,9477335;16351842;11787070;14817628;6923668
49496,9038178;3996165;15331751;11707153;15044174;3809260;14148483;5190205;1422175;8905004;11921041;10589788
43882,7614182;1214784
23704,8350865;8645392;9200081;14848445;9843743;2795746;13393102;6445385;12357120;11849967;11621574
46923,8083753;5491205;6935387;3781741;11251640;4434454;8589289;7021235;11873842
49345,4471314;14213316;1059567;11059541;7160909;1463879;12855006;8222127;15775274;13942124;3013198;3694110;12787171;13064070;10541720;1383642;11029449;9981288;5978470
39040,16472529;16111142;5163628;15799272;7587295;10352475;13324889;8825637;15550882;1831960;2685007;2355058
49443,8456615;8066283;5849122;5939116
6947,16064789;13128849;8004538;8554614;13018847;2269279;12074780;15008818;5652010;11609998;15964512;14483849;15296725;7353121;726959
43531,11141792;16453168;14644709;13066999;16724325;6297384;11909124;4873961;8289590
19612,12343424;8039582;16756039;2381519;4193588;10144386;3136768;7865324;14373692;8760698;12120097;2447617;10050794;10657388;6817691;7531427;9527389;6517685;4034515;11013136
24166,12797591;16712291;13534817;473262;921269;5125207;134034;7293749;14538076;3101805;1804713
41134,15962224;8867995;15566685;16113556;727448;16379289;4739300;15637680;14777344;12625355;14803300;138413;14980646;6581109;9665273
22514,8328465;4886656
10983,16317364;14398561;7897986;6918944;8521809;5138434;1339505;9669061;15349414;5504975
6395,13416951;13725067;6103036;401139;14823788;15318984;11513524;2011009;12017277;16521099;2589679;10665928;12285431;153530;15012870
14121,16734188;15285387;9217359;1098978;9882551;5060320;4185687;226569;4464430;8102018;6578001;13483814;5172013;11064309
6753,12700945;15763429;5158134;15325268;6935225;13129595;630381;9220454;15482338;3834632;6861963;15027818;8644352
29148,10619827;5625650;2238165;14197795;9360140;13546371;6007916;3518794
7487,8806994;8748576;1697305;9453855;14492874;12912691
11311,12859873;10912642;2730062;1746597;10233434;14961985;475410;12470719;2555588;203427;13865602
16919,1570460;12197085;9234083;82690;12176857;2625506;7318722;9730473;3213;6667439;9921073;11711371;8999749
58065,7494501;3118036;7927886;1158666;15412113;4909048;8358981;6302500;14186454;3577359;4375543;461577;8895510;4017388;2807296;8138979;598832
191,4006916;6533686;12796597;10128825;1480356;8014088;10077087;4700453;5137013;13415399;1713011;15506555;2801102;16179874;185266
12498,5314481;9079569;2881849;4706310;15432295;3942361;8310596;11071603;9219586;13400844;6280802;3497106;10937646;10542587;15473189;9247203;16591325;13166342;12730374;3000075
41747,13851330;9297036;4360606;9020099;14664962;8966281;10890809;14332382;13219662;16347985;12433952;13577979;14616668;1823961
8112,9742536;16289940;8467416;15748430;3576021;3185138;2369966;12969897;13177982;2645614;2669916;11110171;6320420;4880886;14580886;9255142
10393,15836200;1906626;14039806;11612233;6622608;7593499;9138697;1215510;6518713
39429,6076515;10543862;11256636;8993752
21585,6047483;11850865;1169968;8843405;4216062;483529;11001606;9473143;15359366;13794230;3635527;330052;11285543;12010835;8342097;3831591
40212,2979601;10126430;2124198;11303980;10130207;11494302;11794741;12847597
58458,133000;4639706;3067863;2029276;15667560;6049946;11885439;2798552;3476814;8360851;15500108;14007068;12176386;3959208;6031472;11634135;4858706
36614,3508108;481687;16088834;13739545;15694609
28262,3195481;5117826;10137528;12325932;8701474;11259687;7267656;5163729;13929969;1282791;8186634;3780658
62156,6690007;16035415;2829465;12459212;12714310;3442998;12706005;10477789;16618705
206,415803;4151270;12228428;4023311;7632321;13027457;11547833;6655099
13704,10893316;2992325;10359119;765562;4137899;3614097;13868653;16084814;7787372;499652;8178566;5209164;8770138;648984;2845981
30367,4558605;8104597;12704336;9607194;2259520;11908744
19182,1214126
41046,11029220;11090423;7097834;9891392;11855935;854444
60444,16432125;8111816;5352866;5921854;12552783;236502;16537356;1254534;7340896
39947,6073256;2912350;12782263;6244232;6325607;5523680;1580470;5380056;7966431
50635,4636062;10989671;7009580
56875,10199710;16396087;7424361;14936817;7042536
6604,4702771
9665,5114817;9394718;5248149;11042169;12309568;564184;14657679;4005996;4644311;15503701;4275833;8363305;2441840;2916707;1277289;1759669
51344,5419179
19440,3147820;3994615;13602468;16661165;11989964;216343;13540640;16747553;14477394
12554,9298656;5929414;5024723;11088081;7234418;14526134;11612291;4444079;130088;6254018;9215365;70025;11853937;3962072;4398813;11102630;5833968;16554728
11646,8124371;1244669;2295993;1193096;5311412;1707342;6995595;7186054;14271617;9891645;9962506;15522730;4895353;7262649;12202899;14018817;10672828;10216010
26707,13687912;14924723;12336929;12984960;2841805;11716573;9497741;987390
59528,4779677;142018;8751567;4152104;10553837;4249176;15798774;410598;2470897;5006758;12183986;5366868;267211
7093,16478778;10262295;5178141;16455416;15778330
49103,15630906;811276;4988849;15719166;1445111;12645018;8313796;2542976;7904398;14636689;5835191;8212004;7353043;13754514;414495;11413652
47261,2265902;6382069;12972347;12728304;2011379;3073158;16518925;12058601;14595756;4250193;11491408;8716233;5495115;9884133;3553745;9621424;14017685;6568552
14148,9992108;7981312;4932546;8557330;7159273;12988716;1762940;12967226;15178168;5909120;12813880;2485319;6417059;15316053;7457364;6846596;2586924;965138;6758178;1585915
33771,7684187;1946403;3691575;4837397;3664429;14596106;14954756;1658775;13022242;8504583;6896747;15565084;6021267;1055136;13127024;4455463;8924975
56016,3974058;901643;16231510;7637442;5860414;10407894;14088066;6897554
17035,14397747;6721801;8057955;9276126;10316212;16340401;15550738;7115773;9495053;8221998;14064230;15607664;3418016;8591453
19507,8482647;14734427;9922481;6014984;2239938;10273880;2666559;12607004;11433446;648266;4726757;8581711;6956663;11152797
58487,5419629;5878186;5373743;14736741;15286393;8562055;11949555;12978959;15525345
49332,13722876;12047691;8841087;1266569;8255474;2420786;16620448;3404278;6887574;15295376;10867291;15153961;6352932;4148898;14183932;4223671;15873958;13312558;12875614
34498,15589508;5666160;13781162;11976961;15117261;16126486;1402605;8838444;15236712;8455813;2990680;11099225;10124083;13003629;11329963;9522110;4625786;546955
16777,8876556;12547444;9540535;5347548;6819690;8640591;12492687;3767605;8951334;12259323;223200;9827062;7902932;12296883;15021904;8786418;7582279;13993588;10976365
63018,15438059;5485855;8077372;8906525
60356,332859;11873234;7112472;10550071;11384301;3814436;14898658;13565582;5688215;14880745;11149728;89045;14968367;16399113
31249,2320174;13052064;9756843;4696091;6233059;12313709;12057479;5576526;16173645
7532,2078657;10883865;5984050;8436120;10841963;16187634;12408035;11573452;15822676;12910818;13726341;474832;760972;6043124;12887726;13790297;12676082
5131,11771473;7233560;13647571;3599705;2139363;12093203;7960383;6662148;13001871;9821580;6224741;14754293;9000561;15122957
49797,5900750;8665151
15565,8950891;1634228
39039,10446800;15875837;12535062;8842700;5916004;12847281;7339994;8744167;7348438
1791,11454869;13442180;16443198;6963906;6202534;6977739;6532065;5423705;10705737;11319285;12877276;8228388;16469488;5971592;8607326
22940,10473270;15990425;4030031;1404180;1217377;28437;12865572;7148739;14446572;5850221;10785519;13270928;3567752;8745616;130518
50322,15326070;3518343;8995995;12095864;4319880;16116858;1699661;10466025;5428705;12300297;13717587;4316445;16153800;1444534;12259742
11029,2563488;15539284;4434959;10219746;9324724;7157108;15932872;5576585;12175942;9618760;5434997
33639,10487471;12584815;8476011;9815257;6398471;2163791;2139466;7675916;2742974;1160736;4291978;712348;892495;1193960;10068357
49392,6536544;7980630;242319;7225753;10668549;7805343;4256108;4193746;3219241;609723;14388162;10473122
17774,15746649;13601998;5562123;5753585;11828310;14276529;8432121;7453003;6781297;10251245;10295503;6143894;16489518;7925238;340882;606192;13175196;3374018;7185555;15446519
27452,4697976;3478126;12058269;3642515;427553;465124
3959,8859827;12245425;6320869;1444916;810132;9411849
62171,977219;7266336;605225;3583849;11375509;1017172;12106689
22220,8022901;743171;12714288;15131099;4752337;11661025;15116604
41066,16237278;12291361;16631551;9738457;13794840;8525860;8307201
30525,14047440;7501018;3044745;15564512
6931,11617426;6427873;1021324;961467;9648246;820900;15093042;2904657;5119696;741264;5781462;10164014;5778425;3040741;5274452;1594739;10022294;3431293
22512,9582144;2711488;4434144;12730505;7607253;9164845;198684;15985434;3274841;9774453;7597001;5432532;7358499;9716712;12638231;6324765;8049292
27410,16702751;3817933;3409628;10941725;14389935;14945818;4431167;12400167;12521356;1712762;11876427;13160793;1750611;4504157;4515097;7915409;3073082;15959793;12649765;2594459
27654,13202620;5500826;13204494;9085453;514783;2962410;14978953;11836874;8611334;6304676;14646888;14362582;12293248;7923019;3146380;5418212
47457,7826848;32674;1402135;2606383;6972012;3390944;3328681;1992611;15896936;14654766;8806958;10944677;5333561;16637700;1281172;6747049;16263493;248531
24785,3313545;15061342;11633367;8023546;4589013;14738403;14597641;8825518;11176258;10451409;815722;9427069;10105973;720003;16102891;14575338;9159740
57734,5263364;6922452;9065835;4846015;8239394;16307532;10111763;13627275;12515033;4139114;7950258;1351737;10912331;14391982;10344699
49077,15668072;4334756;847132
49702,14884649;4764586;5816549;16361567;10723596;4780839;15044964;10350215;12594236;7993291;13252561;3515243;9918954;11248906;12053331;6326207
15896,9633370;3106069;10105559;8832157;12134939;13371370;12116442;257565;3357758;5166993;7006327;7650337;4075452;7901086;4203068;2638321;15665317;13229493
31532,11410210;2800222
6103,12219703;5132240;11499911;10718547;205310;2959029;9052962;9403774;3846015;13125806;5670316;13661318
25056,14339425;6029063;11913385;4485581;15938626;12401278;11279560;7309445;4478434;5936318;7917678;5779747;9168186;11945768;15347409;949784;2940438;10035124
16615,6676857;4283143
20986,842957;3870441
39368,2359042;9769074;11186235;15361601;5023619;3406339;4013059;13709759;10207828;16545982;6379803;3331631;6056475;12567054;6506281;13837264;2829588;8379650;12662183;15021992
59709,7957956;2872519;5149188;6432383;12601558;1046405;454580;8622797;8644538
14258,6869644;2407759;6813187;2984399;12086294;12853660;16631543;12963203;7888870;3361595;937937;7002513;2394745;3711897;9086937;12168231;6299095
63976,10251139;8288048;12506061;13223759;14567325;1756949;15854269;16668958;1935350;10351401;13850887;14229726;7771618;4858901;3833019
50369,6328499;6018159;7981531;12359428;3101457;1793489;561888;3467986;7410696;3751267
60852,7036603;1061598;3509357;14803946;9760765;12952016;13101202;12449221;1084200;15557910;11690874;16679052;1397073
62763,4356185;4951398;12534989;12000549;11442417;16626730;6930036;9519955;2677668;11432363;13417293
37741,2682321;3251197;9364774;3472637;12247250;3368125;286368
10968,6170610;15604875;7027426;1706545;5654755;5719911;16205584;3846044;5390331;10654929;10111510
47559,14760185;10726902;8595428;7527375;3252188;10428949;9043183;8964398
24053,14335608;6495771;1103265;1793388;13211124;13505747
35226,7091195;16223007;5077186;6921647;8623205;12133834;4527882;1998418;10098476;14734609;10243994;9682238;4424288;342891;10740372
52116,8653586;2564967;8796268;14130957;10681386;8607635;2670266;3673681;9956203;7739206
15595,9566954;8100936;9040121;4714291;1889196;6025450;3630937;4638059;8920002;16737888
55059,11253025;10676088;13184491;1644223;2545801;8110039;3053086;16060281;8460764;9889233;10609143;1579340;10643314;3025044;1301281;5433495;2381349;13335224;899906
4223,13846138;10838667;6222167;9494451;9719343
34355,430386;13225820;3034532;529031;415102;3490007;2204106
14863,1790059;12884563;3398644;1972939;4179197;8525907;15497175;4649609;10828954
7827,11531672;16695763;2673341;6301133;13098855;3063735;11280275;3125477;2185112;1484167;4304146;4548294;14387574;1441686;16709375;14317233;11458304;8938274
54541,3024657;12273439
43082,11345145;13754391;5232393;14638806;12866703;889020;11529288;2603834;5168822;540825;8040185;16425375;16658814;1151692;1140175;10224192;5502798;4089169;14666947;4230698
5557,14031784;4078680;14113092
54262,698868;5247404;16610509;16095832;1003815;4287422;9859188;2961888;6082361;15795926;714016;11338948
55433,13754186;6206931;9107205;5653264;12198629;3073278;9865732;7636648;15101803;1030271;5756887
25235,13047695;4807604;2119258;10490214;2050247;14921191;9979244;3425727;3060587;2363063;1768344;6077243;6667323;7791011;11184056;1753251;6709994
41045,2106339;8588877;13604015;6640070;12597849;847492;16055389;5580657;12504113;15761362;518704
25204,2423693;6142063;5472096;6737502;1853677;8990899;14346705;15969951;12340044;410951;12816464;9451781;6473361;13208448;15310107;7672556
19593,9185813
53412,12092997;14124522;14178867;11327116;14766205;5690196;9234039;5883587;10960239;12258039;8599088;8751812;10449411;13146929
1691,11675091;11976509;9385883;3867764
32940,14281537;11138271;2541224;5069905;7878363;11036610
59811,12591813;5786748;1358938;3566270
21358,6948568;7208598;5840822;5847650;16543277;15752840;7040391;3474684;5502471;15808659;14914058;14092451;1583770;10885758;1009976;15568628
19088,10636742;6104858;3005257;6110880;9644146;4184108;5532922;14524083;12250331;14489963;457125;11427106;14556855;12521636;3289646;4581711
48497,422749;12982058;9765938;9602257;13846149;11415066;3274280;13192266;13999875;11947543;1198581;13586239;14856070;6202632
32330,9898623;15682826;3063958;7430838;10730362;13738754;15479858;14329850;11943713;13162465;11826891
31646,1567275;8620501;8950051;12576610;3033151;14592349;2605141;10699598;8403506;15898408;13615052;3577662;13029105;14296621;11749209;8399213;591494
58778,10537942;11785647;5256202;10395442;884492;15148924;10912415;3106595;9926334;10866649;6760112;6510126;1663925;3103900;12962793;2353203;11367685
43624,10547741;6660189;8399912;7437008;11028604;15509539;5963334;9611922;5858604;10287503;10578024;13354954;6063339;4968177;11227337;15984305;12622427;15136631;12570227
13361,12620689;12550371;2761253;1663283;10120025;7547094;5344977;6456678;439239;2068795;9139381;501426;8016776;544722
17547,1070577;9573965;415782;11435563;14270789
8316,8390562;12580173;4630466;5930514;4759754
47228,13536480;14295180;15369768;15722477;13684578
6151,8464121;5175671
41416,10546855;9682087;1935478;14065434;5089580;8506152;15144692;12359028;7420152;15068353;14163582;6845744;5409558;1478351
12572,8166862;10014883;4184183
56238,3543053;6814729;4366737;5866669;11474114;12099547;2497704;9280295;3485084;431977;2669305;3714597;15699099;15671233;1174853;3344316;7695522;13694733;1097009;12126650
16846,8325725;15950999;6963204;7352427;12001341;13258294;10026830;8659177;15922920;13450127;5744696
10107,5968015;1730950;12250001;10081699;7502292;11265995;13695589;15781055;2928605;3505657;257926;12850164;4015895;10136043;12597944;8679871;2075038;14585811
20453,6753839;15320007;1003052;5228416;260506;13253977;809721;13437964;1683042
4958,396857;9228069;6528408;4433745;12084074;9808288;929683;15656947;4600239;4939669;1890209;6484502;845515;3608698;13876897;5629135;4813992;3499298
40229,6680905;11822189;16130131;316041;3274359;7391642;2324891;16660327;3499861;9675659;15067495;13115247;4092053;8016734;12953567;5524562;1109668;10537048;12343699
5850,15336323;2718842;11090912;11359907;6260816;2374079;5592360;6121853;3168590;14697016;11316042
48816,5341119;12806920;13522120;9770975
64144,11428707;12162722;7551685;7978757;13796119;14771857;13660882
54517,8825072;12450412;5244664;10642019;8324310;9183395;13863381;12528050;4746423;7302212;8005123;9309919;2186239;6596414;16765025;14767773
8508,10648028;9870296;13222481;6351297;8889328;8827051;13707484;965970;12281411;5865968;5307329;65876;9299323;6608656;7824690;8925263
40758,16115357;14999865;10504945;8657873;10901040;11990513;11348041;15238324;1630051;2021355;8090913;7835172;3901057;4930116;7942437;5764988;12843002;3669840;3565908
58205,2223181;1473239
30270,6655893;9316362;8274913;10373801;4228715;3253538;10698679;5089294;13108123;12906937;7660975;8687447;14674112;8373622;11897241;6971670;9523699;5968083;2591743
19308,13323665;10951699;8066731;9297255;2365795;2281481;11744393;15556226;16769844
12354,2277206;10969750;3082626;15873775;16694720;3686691;13895828;12409758;9455981;12446015;9101394
9427,6780347;3144492;7041598;970552;2636391;14906419;14678618;15839402;14841035;3426182;8368802
12012,3966209;11040967;6406159;2423356;2514127;7961347;2325621;605556;13457234;7170944;730517;3832343
7580,6444843;8471799;9267526;291211;6406160;9592086;1119955;12827102;9248360;6374709;1665962
13223,9386895;5095030;4360219;4277716;16022733;4991839;15012035;7167166;4130426;2136784;3471494;12144212
3171,15636427;6772881;8586947;14874473;10466936;7985367;6435432;16744987;8173416;4891142;14128669;2362177
37612,982014;12728344;14995437;4648105;14970097
50795,9221522;2733037;6550269;5324931
5235,10042053;518069;12511635;560048;5383113;8799126;4511170;14053401
57319,9238436;4245115;2951982;2173588;577535;14411736;29134;11543969;13987405;14292358;10937929;7091476;15581920
2062,158635;6385845;13070139;14227076;3576351;679380;73079;7772330;12276679;9956601;13216882;9667353;9146082;9850836;3804928;12410574;13762587;11141760;3422673
38493,2789884;2783493;8977644;13714367;14835611;16750360
56318,11468860;15965825
22734,10867692;16538578;4541658;12736161;1674982;3795453;55619;1434849;13032006;13555932;5799771;3639009;16156374;13298073;10227828;13232733;11539287
11536,1763212;7942846;9442093;16582420;15418502;4890549;15125061;377310;6773977;14102801;845156
9632,5112300;1491814;10530870;4440811;7605577;14287677;5922274;7509712;8213983;796646;14862218;2808143;16485810;1145528
15311,12317788;5796825;14464403;6035131;15677796;1723259;13706580;10824541
57491,12201766;7881729;949300;8484813;13100602;7613848;2713184;5816070;6148866;7932786;8581258;5069884;12754162;8058400;3763616;8983440;2790604;9353955;13194178
5322,1368737;7980509;12939207;5845127;699332;1033587;13431726;13859057;11683150;1128035;3536748;5267881
37857,14699313;7520526;16576382
53390,2132031;3045083;1151356;12570469;10338603;1433591;7749867;2912416;5163636;2267620;2438909;16251680;6067525;15394990;9437998;641372;5107972;2371816;10070662
44039,13493847;9192953;11204351;11333546;10479126
14690,15151251;7818306;9793196;15679984;5479291;10273197
19074,14256770;6772627;5129817;2646417;3625202;15683718;16590291;13253054;15827447;7847377
53750,7428393;1555621;10784726;3711610;12852177;10024233;13517610;9136073;7098636;10737788;7965702
7683,8617775;16644394;339172;16385108;2046799;3391589
4586,5435587;8246323;6791969;13145773;470613;13128523;14967920;13117442;1048742;2849020;8535331;4123735;15266441;5223339;9960478;171809;16444877;13254972;4653663
1518,2442883;7869063;6407636;8777060;16663067;14941098;13692043;16416921;9743651;5118617;8023829;14829828;4407098;4708013;9710559;14167593;12993432;8382139;11442677;16149363
21740,9919141;11025560;14739920;6001727;14616802;7369786;5319717;10304196;7544954;3915894;7236663;10233126;5256018;1832845;14114332;16227042;3506850;3509415
22045,11736168;5738069;7955600;1494177;6362364;11035093
40820,1254975;11187703;11805790;1021219;4225388;10374392;1582906;12780951;4590773;16143039
61014,2508381;3290002;816426;2996118;14035146;6664735;11559270;15588220;14456886;12615037;4532418;13496455;7025126;11134755;12826569;3568358;12413417;13469084;14000923;5138536
9680,12045170;1825631;14276014;5662394;5453571
31809,1248191;8052429;2942100;14864461;15471025;746294;9147995;2088157;9290715;7791506;7561087;14339897;870294;6665418;366416;429513;2892477;14484423
32579,13636879;9870252;15227548;5424575;1506603;15073399;5288151;5503439;7028068;3210173;16458739;10476876;9056416;10573905;5619339;6675533;8986555;149622;4167829
25769,11319280;9026513;15750810;248263;937286;13783999;16499127;5991303;8110284;6026164;4955834;12744619;4491945;16747983;14012436;8129487
46726,3004769
16960,8411447;3500564
54668,6987466;4707309;12836553;9443194;1880814
33187,7253037;925546;12205337;4220112;8121270;12186922;12538731;3906442;1605459;941867;12796550
55452,1685304;12002883;12208392;10202260
49687,1603906;6250316;6083064;11570711;13267898;1314135;3978947;7747230;677116
14287,3625627;187812;1337369;5236332;16561522;7409879;12029308;11844846;15236044;1724929;14273699;16718139;8448330
48950,2567333;3875556;15914007;9118656;450383;10635670;15588526;14888327;8267822;607948
59593,2128188;3834716;14476321;9866536;1814973;11123489;13908148;1033276;12903464;7158812
50546,7303644;11599816;11238833
49349,13923740;3060269;5740727;10990245;6464777;15146261
52794,7200692;1401729;2203048;12306051;12009787;11197051;7151484;5336626
14379,6775900;16588853;15747635;4361727;12314542;16049880;6504656;7554743;16024383;7386351;7295587;9062242;356066;14008754
24167,16648977;14937301;8673102;3727858;14540677;12591954;3469996;4144589
33637,6821059;3033475;13290846;8467672;16699041;16002123;11951292;13659917;8961389;12042161
20292,7800272;5962906;11155759;6185679;6136886;8314550;13577905;1695456;10663264;9933754;9071533;996365;3552161;707376;1572449;5176561;2533351;557396;11515794;7531506
36569,10780291;15307996;13763722;14162725;2470144;10743977;7563556;11115678;4987573;7288647;8635980;10491273;6111929;9206474;1727932;11175682;8710973;4421577;9000561
26169,12403294;6082298;3949932
17102,9700484;1642585;4353993;7490197;218689;11669311;15614398;2104449;12188951;1701234;12475275;232524;9678362;3082042;12017718;2554029;855855
29905,8110384;5146462;330593;13563452
3493,16176146;2782976;12286871;8642551;5747634;8309139;7502689;8692722;8048873;8001681;12545688;3580689;5271901;14694894;5004038;8427456;156212;15486312;1199914;8082304
12882,13573556;5726307;3352659;10063960;14980656;14967986;10995848
51828,11239328;15639553;16528535;9711323;15920325;13304243;3923873;3323264;13586535;14368351;16608551
18161,10246101;3847204;7675142
44726,13304111;774654;13583553;1818918;10656478;10368388
28286,7120764;15229723;12265465;13183498;3056451
43218,5722123;4983135;9637631;8570027;6275971;15804258;4660639;6736362;7269371;13766181;347965;9088470;4766829;2579868;887754;15796351;15515578;5172612;14934992
63581,5077961;2714467;15569961;2293307;3570371;9084005;9979084;1076588;13649164;13275447;14040098
9208,2021711;14234239;12823914;300944;7794465;1642300;15635843;7362131;2651627
55401,8606919;12466948;8071295;2229392;8702827;1233514;3719074;14587388;7745154;7417291;3293592;12485298;11476188;10569425;3049038;10316508;13983955;12600040;9220822;1267652
10518,3364461;13766333;7779021;9058772;3724116;7590027;14814936;3834383;10633485
8019,6580764;8876789;12312474;14493872;8278127;9908124;1281925;12884083;15971377;627328;9279572;5742435;10539858;9580525;12481053
27558,13794911;13571256
40982,16073303;855294;4923777;10825160;7370663;11406818;9785336;10303654;1713831;7987627;15033373;1888195
50339,2072174;12628726;15466848
7961,6384689;7513036;775036;13609175;11958958;2589964;12155143;15876534;3265031;15228826;9704906;6831942;13068927
44273,7216773;8632902;9019869;14217626;5149504;3822424;11778773;8129941;12824716;9298305
24353,6433203;11740935;12693129;11023843;2890057;2299055;9179552;4797542;6709728;10521699;3749602;3671668;1679589
49723,10968688;12523432;5767244;7590225
2507,12505204;11527620;13366127
36957,11373608;16250971;4381976;1090156;14888977;12464859;7004451;10756947;5588771;5189544;15860487;3631385;9636364;9300618;16625361;11854756;1668394;4977376;5088080
62039,5668815;3389797;3234215;9922883;15492994;5021975;11430401;9166883;6584245;8568097
43065,13252035;14733990
31652,12399962;2758200;16137588;3061526;9390632;5395211;13660315;3524729;2099596;606154;14795942;2634987;6786852
44881,13859919;5811449;306600
24119,807872;5547319;6167613;7349220;14874842;1373008;15100641
53507,5002892;4650439;16517166;484504;4240164;394505;6822145;6280706;8282721;6149572;9956386;6875259;13136362;1191365;10360108;2678531;5431491;5429610;14268439
19102,3302671;15934120;9621758;1205254;3358910;1529278;15289684;7037414;15996739;5297966;11017787;9564600;3094810;9107612;5732095;7545580;13970211
56371,2725156;13444498;4900689;13669932;10012676;5632216;13866268;16576057
36770,1706021;14059145;14564136;7325275;8825304;10703439;16545757;338800;9783375
25789,12411756;7345370;649167;12591115;12841921;12956882;7057227;15499826;12486872;2031325;2214316;14951594
25194,6021726;12451429;4434827;14468649;10973222
2205,2743596;10052994;12265538;11332187;10722521;4102556;16365171;7842298;10484406;1723866
44371,5970591;10147597;10873970;10389282;13732705;1819705;16700433;7857227;9722917;10432310;16241283;407073;2709519;7533665;3898492;9388080;4678457;14800280;15584157;5862293
48863,11577742;6734121;14087617;13711630;11290783;13617916;7706582;12876093;15039717;8204655;5867033;8199874;12256042
19792,12730906;4410790;1288490;31486;433473;9073107;5616262;502187;3120293;11001785;3070436;15381809;13902132;1614874;2148338;981470;1613079;5657762;11397703
43604,3463600;11760167;6706337;16131068;6583723;16005477;15845326;2933828;1332218
10508,9704230;12692868;9975167;13482278;12884760;12530864;3709354;598445;15441279;12323266;5135765;10996700;10644396;6949926;8618104;13713309;7947677
31981,10530285;4216068;4485378;4116357;1686602;12789526;1152664;15256664
22381,11812372;6756880;3114659;8348615;11618107;10492140;706498;8506203;13826242;8370941;15835644;6070101;6849821;14609546;7615474;13999666;1905209
41897,2170410;16118715;879929;7165543;1579009;5438797;1278133;14200961;9607757;5558669;1003865;15350797;677424;9458726;3062965;10684047
37417,8464287;12435359;5320757;5295506;1857442;10896003;10668706;11368750;13419020;3311171;5849437;1000233;12501273;3583063;2012021;4665835
6075,11713362;12246259;14184229;16443064;10084155;6085237;15209689;3640693;8213540;1448245
14355,3963712;2984547;6111141;926286;1443525;5104200;652138;11602513;4173163
40213,1703147;14648266;1061356;1597541;13003626;5743010
51809,7760409;10959299;5634862;7228731
22456,10396422;12488032;2609376;1683305;5130355;15859775;1608678;15018554;5348015;8358904;5166294;8940222;10821295;16434532;16077507
26925,12833193;6225259;3409882;7803979;7689047;9723468;14843044;9763428
34579,4797050;2156735;15679627;644552
51799,14391246;7359395;9460757;6960122;350939;11672888;10820565;12261319;6710526;2263099;4761851
1641,9777405;10859467;4401524;1046113;6510581;10409184;7302832;6837189;11860554;15346714;2043605;6625813;15528774
25128,469956;4822356;55025;6947742;185659;638715;762919;10620727;14348118;5018728;16268282;8735174;5401218;2203192;14353315;13680411;16350621;5152288;13751138
17167,8574574;3687768;4485999;12777943;13033525;2549441;3211674;7057965;16064678;6497360;12136144;4973426;10840750;54839
50327,3058423;7616123;4258259;7946550;11091604;13244321
51960,935232;6011768;10469776;3536924;284146;2441324;2153169;4375484;8629610
22735,5557861
64528,15984129;5087842;13270627;11283951;7873685
35569,4453767
32659,14259252;13699748;6707407;8776823;11465749;6209863;8483184;1991865;15796534;16279403;2718602;8294029;16127823;14378449;7229615;933291;14995981;4747623;15400200;1909839
17877,1766605;16337653;7569186;12536096;4852975;11244483;13422722;2015186
55599,3550106;3850350;1119803;13186760;8411897
45666,12229474;9535863;8671979;14136605;2396105;4610782;16661047;6043314;6846832;13969873;11637761;6389622;15393711
12587,4189096;12170857;3366049;4914240;2122340;5681852;6526217;4222722;1591699;2303317;11102381;11544881;15476486;151186;6689464;11131005;15995202
16873,9700181;2586470;3475260;1971968;15505749;1367440;8872109
53355,4618336;9728192;6340940;12285088;13837110;11655194;3010833;9628511;8934263;377900
47463,13427255;8311980;8334200;12026656;2094700;7488859;2435853;6279786;2841026;10317744;15182740
31876,2333400;344195
27904,15428891;10326236;10959608;12982061;13883561;4134024;6487025;7641924;2082620;15388834;13677462;13713903
36638,16004864;8673375;3958071;12425870;15925518;924045
39919,722793;6487888;8537880;614584;9293245;2722025;3197598;16052535
31918,6094799;9131034;14154681;11239539;5980008;11192630;6722368;9229867;15428082;9730761;13351429;13824056;14279536;12180090;16502086;12264506
41692,1659763;14217477;43538;15790569
25259,5117513;6810862
18890,8435785;3808364;16514184;6273226;11950644;9884586;746657;7401274;2077385;10465626;802959;8287045;11382765;13802189
2875,15290067;9069096;3105889;16159732;1155518;16556853;2465185;15635148;3413893
28697,10727176;9167165;2462078;1232504
15972,15778708;4851314;10488983;3617769;12647595;15022283;9471895;15199178;9031260;2374325
52900,15153069;5675815;2448560;12951753;11289876
6789,3427431;10842768;3721323;13925247;12088368;9099971
16439,1681649;7330908;12076428;10546923;14219280;14889390;8876351;10518857;282826;4273090;14621913;9861765;11877215;10541309;7036174;16059271;6606044;7392307;16746739
48974,9222700
46422,2110861;6530192;14024285;10945072;3377460;6980819;2311864;8223951;9187691;3566507;3564499
12502,11771818;7252886;13974348;1413864;1890076;3662674;7287020;1336178;1659334;12651785;5755874;1593701;15845386;12220192;3127400;2331694;8400681;644157;9679162;2273960
48696,15161125;2353282;3518602;7455925;10699009;14811914;9150274;5090839
65321,11645041;9691298;7851879;791532;5701143;8407464;11207421;13310656
9806,12064245;7375514;791701;249150;10802120;166637
16412,1756472;16114313;8507145;10777411;14253004;12225371;10763546;7879934;15164644;4071636;7461906;3641459;10508749
35272,7362112;7323578;7736772;6756119;929323;8089768;10028664;1977141;557440;6383256;14123999;7230339;2736669;1591183;6884745;9941578;4886229
51098,14526399;10022624
27772,9665844;2859948;14616994
8712,3502013;10877081;11628080;6421417;3701258;717049;7337930;14307983;1611781;16678092;1517672;5522596;11383820;12316221;16117862;11335669;16509132;5165312
35210,397588;2599532;4633994;8791617;6551180;530692;4697587;16752610
57225,14341878;6083994
60528,12207014;9696318;6976174;2708364;11015817;14478835;427633;10071042;5072776;14192195;11520641
36407,10296488;12595960;4002024;6576714;9381606
8049,12659350;7048176;5954220;8865224;10896471;9871605;14711224;14221989;15700612;2572198;4184277;14411032;5008854;962322;11689096;714970;15683015
39019,3275135;10574094;6181;5661315;3620085;12867802;6219401;11080455;4749977;11626001;14159724;3138914
10130,13205843;364271;195248;7675827;3456677;13544545;9948545;11832077;1427463;4415082;15277053;15053671;7676103;3810214;6594061
45348,2234505;11509395;12534253;9174347;7970849;8946586;6975331
33591,5562051;8838195;15224539;16619607;5481451;539799;3571129;10856977;1183442;14720057;5489208;10097867;740711;12773591;13042952;16445257;14359395;3390784;3593556;1146830
17737,14563825;7519832
61114,7529791;569364
6908,7890595;9915307;11256580;9495543;10609841;7195909;16106139;11971998;5535124;4568474;3190731;8799457;5125227;12404573;1377142
52723,11670731;2009444;4132414;3727006;11705032;8696634;1523808;3661018;543771;13279701;3108966;11311314;15793123;12449946;6628588;2945642;7702746;11988153;16316566
36677,11238769;14501123;15307500;8983234;11758787;7826495;14126301;11808556;873271;1095752
43354,7955933;8028161;4704315;6350919;5931828;847296;8538211
15448,16723887;5692848;1525775;3997449;735813;3577768;541374;4157888;14652256;14571009;15026864;16717935;9671243;10273956;11896678;12932199
25057,15233074;2208734;6676588;13449309
54077,11644835;9660762;8426860;15039775;4922844;10068526;4511784;3957914;1450052;7998449;16580786
45887,4573421;13031552
9092,8899878;5461787;11271587;12432147;14238718;13618607;2982069;4905404
30557,11148131;1917250;8920153
22384,13963433;14049544;8284944
6532,8785671;3335566;10510267;6619571;6286733;9667445;143238;10559530;6328588;16384069;11938490;3486100;16618317;15680079;12261797;5348758;6394782;13999135
60637,11985072;14778342;7257727;4529900;8030430;9716847;5856851;9535036;9586797
23672,7788997;14469689
46535,6406796;5668539;7332346;10847858;8632153;12553308;14064289;16361426;14971239;16062561;13276336;4282218;14442358;9827974;16065097;8032985;8897101
35837,15570145;13469699;3070075;1427616;6039869;2544517;6974677;13349674;828030;6954255;6163487;8911285;15686234;2768352
62689,14447360;4167299;12615557;9520622;7252436;14805338;9397040;15354993;6940300;539244;6196602;11489924;7503020;12530599;3344317;9680528
2756,5452287;3321216;13226500;9090432;5669221;5018618;5066571
45490,10810598;5832616;5151292;14372133;1946756;15675930
16889,12179294;11649178
1601,504931;14401928;6374161;12493995;6832298;14791530
20738,5118417;6073003;11209120;6636543;8743352;4176366
46720,930922;10952960;6654989;9884969;617685;9664596;757392;11367761;4041317;10841667;15040740;47149;2388289;524011;16147321;11322284
24106,4811968;6368261;3322813;2798111;16178398;5307019;16197821
42695,14504241
23228,9878865;1625029;13595026;7639465;463063;16630175;3604252;117466;13445817;15905323;6770754;2125106;5761922;10633802;10309289;158641;10692938;9007583
46567,6528779;4255389;9133201
6089,13162072;4135789;334209;2665335;1417171;6043100;6645216;14661795;5511572;16213512;9935958;5768927;13190936;2411301;14361469
54963,6919224;12273380;5912055;16732355;12776434;3703960;11730005;11969125;8897314
23934,12206233;10020083;9386630;205390;5659188;12599373;4221661;11881968;9756149;15825117;1236568;14935829;16420173;12228785
60558,999832;3686905;9936658;2138142;2808915;1812466;140432;2428959;8898635;11669505;12726785
49587,5969563;12034934;10535554;12873658;12810149;3568998;4022720
25931,12794907;1443884;2779059;5811321;10192734;1116148;16226659;12640155;7864234;1423385;10489426;4273694
13215,10083781;11854765;8175057;3106317;5555697;4532090;3210096
5999,10005431;4075579;7531140;16484151;7195357;7586541;2671923;15339457;15084928;334028;16336666;16212087;16674172;15365797;10077459;3959122;13481455;1971712;10519406;11341794
46604,16363676;11573812;15076635;16505936;6982136;6434523;12538678
26104,11460437;4585727;3013073;421003;6758827;7524798;5589511
21473,3185328;12111784;5768477;1244423;5742533
8620,2835005;14500932;12086441;9208496;9486580;14888566;1720785;6566493;9772152;8987183;5773159;2924844;13840744;12276062
60384,8275592;248470
17308,1972751;1886109;2906234;5696802;1469004;1889579;13968596;7881155;2946550;1242299;15413044;10288385;10102016
30086,10975622
26607,399164;13836440;7984625;7126388;5233321;5963892;848224;7102384;7620131;13193781;15114348;763679;11243502;9034609;10127068
21561,13312180;15582405;14266527;13151894;13526160;2153766;12365995;8055282;6443337
21605,13623541;5862894;10732359;12366118;11675670;14720091;10298996;3594646;4862297;6841993;1988427
29917,14477035;13222228;15708060;6851233;7675147;5372211;8148323;6448064;8750182;1301081;14816926;4777925;12794768;6000597;4113328;12627369;12161421;9782288;9731062
30418,239401
59096,16134954;14427719;6327948
17989,10990481;14535258;15040383;13565506
63581,12680833;444363;10432083;8419026
64195,6502999;3254833;6726526;12962969;15875951;6632250;4517005;6715119;16478094;2022680;9712761;10932465;3848188;11984117;10631199;11281943;954869;10083043
816,7665549;3018623;12340360;6505353;11833705;1975899;13697480;12257665;4514921;12360798;10579727
48336,15086818;2214704
55956,5750139;7818227;14751622;5331475;10579565;13009159;7512556;568148;9164905;4431676;15085471;9225418;5084834;4915814
44741,10167979;2474322;6054856;765374;7806487;16486389;5303360;5677568;14780001;13685935;2875385;1497153;7022734;13838378;3176853;5082332;9523581;4073831;2088635
41147,6372042;1489078;1357071;5672889;7112468;16513813;16643342;2242984;3437731;5733894
27626,15983361;16635814;11805796;7759145;16448117;14679656;15083199
45631,5840409;13708649;14995562;4684400;10150367;9199361
55600,3023581;6557793
60571,5458694;11898059;4363185;14534064;16151851;9999636;15267365;16482129;13285918;5656686;2155378;3404210;7060780;2436843;11154160;13155783;12761330;10856065
13706,15757260;15404139;1655420;5261396;8396171;12644773;14074318;6795888;2253750;14502992;3835296;4506521;16754741;15576885
51831,6811390;12482824;12934971;13282667;3121323;12917774;4013493;6709327;12871827;4675638;10215253;14979820
29597,4020893;9934254;14970269
64182,13258570;3176300;4280815;9716021;5848828;3258509;9757568;841483;9067006;6141561;11572950;15502159;9702698;15287517;673321;1937745;6246561;3499335;3103392;14547772
60963,16071520;9307730;8868467;867192;7170213;14482197;7289614;16245161;12679142;13322958;13954950
59197,8543222;1821515;2070490;3934840;14402712;1283289;16734722;11187670;14834973;497951;2465936;12797093;6967737
34458,13392891;12495318
25120,11090964;7771180;6974679;4126580;7013918;12009094;1730897;876618;2317906;12342784;7865484;15613230;9342441;15935338
32510,3497753;5263687;12684241;93758;13853368;4246494;15886546;2416514;4808819;2845120;7889554;11514928;8895287;13692631
1677,11593872;10502138;607086;9576505;10469847;7213852;12782223;14326347;16027051
61610,6386949;9853541;10801081
46244,16226940;7293685;4742912;7250177;9633943;896089;4859318;3090678;2662285
33813,1577613;6069546;3323366;5007823;3073452;4987753;728023;1323043;5065291;6763471;11033713;11345537;9842438;7894904;13318064;11523889;308898;6541416;3062376
1835,5055831;12809077;14569043;9646294;16245403;11113394;3610689
48764,530050;7834577;12005627;13686071;4940693;10246094;5188666;12459567
33736,13324598;6461770;10810205;15257828;2310862;13162607;13243342;12085567;907276;2887282;3798473;15453576;6413669;170467;4970500;13683605;3401837;12522960;7586845
51527,2579867;5133134;13685567
29500,3779397;8953181;5997810;2165146;11735153;6093007;12348855;16599419;2205725;13467627;7587158;3930882;425473;7563499;274713
33251,5794908;12012033;12763597;15005767;13877290;2819939;11613121;5713389;923055;10083418;8668648;1629657;16493452;8604768
10728,12085016
21892,12290761;4098524;3710776;9959889;9916663;7765377;9294348;14959992;2670177
20326,9354875;3567660;5809412;7872586;8474367;8836706;8580957;14415820;12821823;252960;2728009;12047228;8719202;11795909;15743185;8228679;5874342
39334,12856282;7061509;2195619;15920784;16024866;14796950;8869555;13784735;13487755;11163677;10329906
7147,171306;3695360;2755429;2414799;5647550;1613855
47343,3912368
11113,10751693;368424;10562755;16482939;2921893
21486,13771631;13774885;7119564;14257658;11808899;13052686;9913741;11204548;8850785;14905623;8464432
63357,7718976;10752320;6840903;9877065;13816787;11380557;13192500;16290995;1757498;7182982;2534764;2496349;6091453;4895447;8796505;9158956;996580;9848794;14936854
20269,4584292;15722184;15553074;13388372;4874606;15776834;1412914;8753711;1815731;3804941;1163337;11725948;11161903;10888450;652319;10096802
65532,8919040;6717530;13658776;9978408;11007895;3696524;2823576
14974,13637633;11226680;10243021;1717321;14797517;16547966;2580639;3346664;2834499;8248803;13550227;13989937;5410972;13698384
36481,5374250;8219005;15530710;6084988;8292325;15675728;13299744;9842821;4909296
16069,2540521;7398842
15691,6345125;4084539;9092638;4138304;16177531;15843545;6547134;2808515;8804391;1920749;7281166;3036960;4241850;10757210;6857027;1826893;3237690;10182861;13949072
3686,8271141;13604310
4682,5292831;13458026;6019514;908154;1349199
46387,15910540;14536794;6332221;1407152
45005,2344946;4263844;8286577;7659939;5266262;2852037;7774707;8172926;9093829;2867342;7864326;12599660;6776467;4195205;4963994
14214,5547409;15043431;261267;5473948;13619573;10280751
58166,1645221;12099845;8651807;14020141;6751900;7152887;1698734;14529254;11083508;2455609;7263221;10256101;6396947;16165469;10773579
42581,8991875;10401262;5281874;14282905;9378378;3321851;4122685;10223194;10514776;11007022;16407118;12637714;11168963;9800304;12569059;2876110;2785008;12632335;2483203;1814621
64974,5485094
10494,10434836;3682029;9898601;15688232;1651554;5860626;12049195;8395118;8661303;10712319;14185522;8326195;10907444;9446749
44106,524398;2700319;12385392;9220355;6017686;9887344;14716559
62909,2654228;10061378;723549;12940596;9938446;9466555;7250444;2180161;16605936;12815846;13969604;6217223;9434215;15640977
718,8226201;12783815;13620631;9785241;10985484;4910991;5028580;10537565;16119762;7599579;15772046;1157591;15440807;13567282;16604692;11254203;2687288;5508875
35799,5148763;5884093;9249676;9191054;4611416;10854183
60067,5806356;10428830;2265513
49959,10534153;9454921;10483764;6930402;2927462
52732,10734396;3140323;11348059;1929765;4630897;6656143;11909438;14308909;2050980;9928307;13188677;12041656;8260633;15470250;3286427;15002360
1963,11443244;7945552;9874360;7785800;1995605;10660518;4341903;237043;2035678;12521066;14890540;8562809;10267098;773135;14152897
64892,4232157;12987126;14933234;14583207;285377;12300542;13383218;14938696;3237713;1316640
8185,6857135;5915133;3545310;7868448;12069693;8474553;7611798;16614721;12573617;7720018;12759953;786090;3548608;2211185;4025825;2049955;16388598;16667716;3246875;13913561
16209,7606422;14383297;13200360;4293618
2179,11462750;2354384;14333837;7344511
12814,16277450;1075901;5827676;15511010;1686618;14692824;9194309;2651396;16123210;284354;3119222;6171718;12091887;289843;3304316;8210686;8554730;1296785
44141,2640743;7353705;13536096;11226046;2801358;8077013;6440270;15363387;8580660;14456997;13637279;4693862;13348313
52373,9084130;16186722
54448,3642650;11786726;6400540;6141642;376481;11618063;9065904
64870,15234623;3075336;3377185;3553099
13144,5482757;4612372;1424813;1485791;745045;7690514;1770083;14371505;5938917;9082955;5384749;10158534;14355538;16120662;6059625;16285125;8498723;8980483;9951711;14296279
54131,2150093;1909816;6469036;13846746;3033812;6930672;7377514
46785,14829031;11222322;9224416;6693875;10605647;9584142;7536087;6827077
49895,514219;11439191;195317;14820944;7854456;9075177;14470183;2094363;13058372;7219173;9169597;11215100;8460582
50355,13876024;13985077;973656;100184;3847676;580474;4857521
45627,14252885;11211837;44477;8726822;11302754;1087077;14795517;12040125;7433415;11945626;6182553;1918646;13555484;14991373;2211748;5768582;1189421;8364981;3397732;15725568
56793,6420460;5585433;5342306;12947506;212613;2759194;16534023;7874507;3893913;1543413;5964094;12974515
5012,9846320;9139059;10979820;13009141;9235503;3131865;3144340;15262132;4478578;9595893;1337562;7990416;2845839;16169477;7711282;8234002;3066927;481744
31414,10796638;4365584;8799664;15222751
50956,10678582;3440799;500563;15187168;1195918;8235723;276027;12938637;5306610;8997199;13534969
58297,14848946;1300546;10503219;166770;4398873;9812375;10733980;11542775;2746319;5735781;4711758;14580759;9623573;12609119;13991953;420503;5841011;3943750;2906384;7981175
61025,4397781;13277508;521464;5227635;14747582;11069955;13586553;6590392;8457032;10848689;13412540;13229102;3341577;13246406;6167082;16729059;5403102;11196221;2937570;13676155
32000,4971514;7334447;5577723;6866621
61929,4057605;3429589;7158270;3146162;10652906;16647814;378638;10714698;11184372;13328540;2756077;15445725;1741402;10239957;16171393;9759062
31964,1117619;1211487;11997122;4157562;3047312
52955,8153847
44784,12264668;10494604;14832262;8892804;6892396;16162269;8574509;3390257;1527941;11694507;531755;1232964;9904391;5517470
65299,5713294;4680450;5992960;15356203;6141355;14803316;9858514;10347790;322736;2999859;6165494;7366213
22875,4638808;11852645;847742;1516963;8725613;4221402;15821305;13233956;3979635;835858;11946088;12612835;14765051;9625897;323048
23338,5785023;1063366;13807532;8893361;8367012;13672049;8253179;10930693;4074694;14499437;9171168;13262047;2720595;8750104;9922102
59435,16108959;1519017;12672645;13972995;10416428
36336,14000735;12178349;389428;3940224;6969405;12193580;4462149;1507965;6121211;3730643;13267250
41809,4247327;2656184;15946791;4110915;3220415;13658885
65269,14428816;12060479;11069459;1662982;2793054;9333463;11125362;8791523;7020836;15364929;14394523;3547841;5178220;378059;1849937;1990458;16004269;7224768;241258;14653904
1199,4598912;13386003;16472818;3718647;498782;10503494
27607,12937353;9480060;14604250;15404822;1770768;6364425
4371,7147607;5674910;4461569;15414658;15039409;8130876;12177649;960216;4714911;14328231;7577987
31577,7989795;311939
48357,4042796;6889133;1999996;9217206;8434713;14567517;9063742;10956747;747451;5604009;8900791;2945946;2494274;5549343;4623517;5975444
18507,12431953;3568792;15632305
24204,13811652;6966904;4531668;6500602;15204835;1941153;602562;9355893;12022968
63512,13594404;4098696;4339447;72829;13163318;16186576;5431366;6503664;7871224;2294554;4805191
61387,12355652;4016340;4935195;5089887;12928533;12770;16503101
27436,6030528;281196;12810701;7460904;1022380;16647503;1595173;1639379
18032,1943251;15460664;14043023;9175353;7313517;1135091
7483,13232492;4496417;3529550;3409680;6483291;2674713;13506379;13913227;7161976;10755073;925252;16573644;16498181;14021669;16540560;7695238;3444866;12202698;4469780;15044370
16254,7252567;4699776;8808168;9914685;6071955;391956;4448918;12150350;658263;14679149;11311294;1066365;16653995;13047984;533571;12888038;11642431
13505,8897429;1535023;937378;3216342;4963018;10241101;13109241;5222187;4743597
1309,445007;14859056;14376498;5560361;2864812
54523,3045466;9318418;16300598;10054144;15615335;916675;10933332;6082441;6121910;16157782;14386853
8501,1923616;10173616;14817937;13368691;5208513;6690711;6276696;12796374;2997019;5708780;6141952;13042441;5271004;13398299;16776621;2830545;8406621
5383,11121847;1205511
37754,6331044;4891417;1583186;7194203;9704503;11363287;14593457;16714419;12981305;31095;6041951;15077977;1227294;8321670;5573303;4154765
20872,5323742;8744771;9363567
1122,3673612;6931807;3198701;12785680;10553421;10962835;10855235;11944008;8575376;5497537;7541544
693,9035645;8939832;1587513;6204087;146779;10570647;14610891;1882263;6055925;413201;3014750;664519;75868;1885029;9253346
35479,10040473;1561837;4351577;1287921;14764140;5717137;3722231;11386971;12579718;1153798;9984175;2175324;14994085;12615247;3759334;694135
5619,3917258;10500058;2055840;14028289;15155545;5540148;10069577;3708958;16025492;6744781;7755679;9413844;1370248;243379;13052334;15437668;5377747;7791680
44842,4818679;13657785;16631080;3095319;3622712;10018366;12320921;10630107;14969232;16036783;9081049;2980331;5972119;10216591
26816,10618928;13651853;13246670;15709635;15052906;8782646;4127480;1394711
6886,584672;3677897;6536040;7461906;7573260;4810758;9622717;13139315;6525955;10831254;3596217;5551066;12776565;2417917;14490069;9496816
34916,3431023;11388681;13449981;14085704;8678820;4710549;11007808;8343181;5000212;16007587;12863937;11246481;512350;3924515;11574084;11243256;4671837;16531334;16544723
36950,15598014;16314317;16691382;4907181;4984539;16760864;7052547;12931854;4322071;12139561;11571575;4767629;12005170;8438115;16169607;15919269;15059965;13567170
37867,12730960;9892995;9112331;14987047;350825;13758626;12828098;15038812;6935581;8938112;1549741;5854843
38367,12735141;15934600;9147239;3402957;13714680;1074258;11476203;9404619
48033,3791743;11108536;11548512;1698372;14733209;4703857;8243623;8833870;3529512
59345,16088061;8900617;10627175;10438259;9404556;6887905;2071914;12938823;14648179;13936237;15203357;7010409;2643267;13973044;5896974;15061136;12933290;3458857;5599874
59257,913951;13613048;10652225;15104245;14551470;8673837
63588,1824904;2813515;5997464;1163345;9674474;15896139;2469510
28468,392621;8121529;16208997;7266179
22386,9314164;11862744;13965471;5779561;16555627;5604823;89800
20608,3341087;11734448
6703,15662580;16138985;14442964;283405;15104009;16252077;6408202;8023387;11210596;12963911;13116129;15046432;5501890;16063197;4421422;7025583;10684697;3154339;2460024;11690166
57478,7069608;2096027;101429;10944194;3547204;13736933;12211323;13977278;1706431;7920166;5565187;11973632;5630833;15909767
44309,1210915;14060962;6180301;14368600;3015609
30006,5317887;11059494;7815653;7119141;14289331;7198027;5602838;601628;6523690;2360018;7349989;5653223;6312135;6946526;13126000;7327621;11390112
16360,13764732;1397801;15572795;6063914
19783,11705159;15669877;14584956;10133519;2619216;14634217;11016484;7349589;8622150;12254874;2493645;2646480;8390229;6106862
17407,2727648;4091645;9769320;14016343;10397194;14582893;5437447;16205648;1758109;14436788;1526797;16596961;6818830;16726025;2120157;7266515
20939,15936666;7277719;2422660;6539648;6533382;4036680;5330910;1342256;4332248;10511521;12606185;196244;12717250;1933234;3436345;10447220;2004847;10000772;1801367;3885283
17862,1875600;2890833;8355443;8545069
50704,11262895;236166;14411665;11384751;6178960;11755252;921096;395827;15683199;1900092;8931651;7390072;10588974;9820206;10570984;8627658
28283,1174278;638726;589566;176294;100738;14620024;5972927;9274199;443074;3241602;8094378;2453168;6689257;13337799;14287847;8714910;4835295;1546398;9327689;16333382
6751,1373671;7164692;1906292;11200361;10706927;13160651;15367650;4813859;13537164;11138873
56361,8676798;1810306;11787655;2082708;15996263;7169937;13793880
50986,9785034;3700609;11719079;10219469;2826103;639834;377801;10930045;14823344;13751283;11868327;11758067;13299249;9815306;2037481;15015259;2427029;1652761;802177
46713,7693644;10782877;2711013;4483429;8720029;8674879;10223304;7003978;13902034;8235119;10017897;10325483;12673953;6122811;15616531;11322093;16359949;2962175;1361227
54357,5424605;7797136;9365417;1939062;344963;8417611;10688642;16295558;11346316;4366906;9640199;9169562;1966380;4141586;958488;8227064
52643,3507600;6224170;15860195;14429415;10062131;15389741;3509194
20218,4498807;13234755;3899587
65418,12367309;5583301
9409,8698972;11923434;10457091;10595722;14729318;7728337;11510531;198870;1865961;16366791;7533309;5734271
46033,7583207;4036471;9031214;2397335;16478401;10691141;10819780;13961071;6599025;5856390;2706138;1404453;5286244;16343145
53493,11092965;13126927;11250588;14224832;15409963;15729572;8423180;16067547;4606217
25955,13208318;9956332;4925669;15533064;12790758;7365714;3012679;1145394;14234687;264774;14463400;9651215;4085511;13465461
6578,16415568;2985829;7748534;15425697;4129241;6533118;15724371;6071775;9798546;6680777;12985237;9932901;1255228;14130150
33965,12257858;12854922;8190505;6279836;625061;8474867;9368833;1280233;8858453;14777976;3467061;11165780;4692009;10871632;551056;5202743;15266896;15953755;8889321;10599385
19165,267157;580589;2266591;11578636;7674513
6468,9537177;4006430;2402384;13889969;11813464;11877158;14260893;9129846;10065609;16744811;1626658;730561;2902404
38447,5963828;1742031;8156614;13349030;6411685;10906020;7544234;4754733;12233507;10272866
58028,13894795;15800895;9160587;12245749;10302080;775604;11868621;8757166;14655991;4365008;4069590
50938,11846788;15067420;8912658;1260646;2344008;6939631;2738707;3708041;11336888;4022881;16173686;13227887;4939127;2555242;7788105;2762516;8555053
51650,2953492;3629555;13894498;7645525;5514614;15609710;10838503;12609128;4504237;7831920;16239017;5245894;4214285;12369954;3477517;377213;12353094;6000898
40208,11316483;14220939;13278821;990217;10453600;2906560;13441579;14373059;15305836;8051690;5588460;1793810;7822975;8731481;3840266;5138184;15431540;14917094;11589854;2041356
20124,11593658;9911349;8186508;12005454;8475023;14073579;10032116;8310640;9460734;5657862;7181373;14998120;2375858;1848917;14896346;11469409;7066956;16716140
26287,4446376;14974905;7762034;15752646;7321011;14289265;8972776;15912703;9551600;675276;9180982;1180453;12254227;12827955;3624591;10230595;14445871;2300645;6388550;10693967
42230,9125202;1510863;15890492;1660331;14074029;1499176;9360331;9015529;381713;5612809;4678687;16634892;5282573;13664166;5958330
2933,294043;11626243;1759211;16318716;6540212;8224228;666100;925566
1087,15754497;12179244;3045460;9051222;6334932;2614455;15120843;11572897;3184270
63597,16649184;13586214;2766740;10064098
16587,7378080;7422680;12396688;3544935;7102523;3267912;9905623;3658010;9538347;1584926;5264683;6494825;10896831;10820603
8203,15852491;12537708;13289169;14655204;5294278;6183744
20501,14181464;1961255;1123803;6971360;6822983;14911182;11706707;5965616;10603203;7700403;13120770;15291962;1150094;7022621;16198722;11468695
16688,6562318;8643482
3935,12498987;13017332;3678257;419071;1183310;12287258;10352608;9237675;14964557
27088,10386134;1574798;13500884;8069335;1794161;8864779;1365654;9154318;7941751;6436493;12160903
38852,9082420;4578178;4319843;6712531;5615343;4179510;16440046
56130,10119940;10321173;5092309
48460,3081244;3225316;8238574;9718001;6863717;6563942;8775596;7476621;11345392;7046659;3798255
55219,14487622;7417971;8692699
38475,6439311;969319
43791,7930572;10329494;2301645;2899878;12100360;9510827
13212,2824546;6839601
25706,14902410;10041215;9821420;7333559;12295831;14990603;16668030;2090357;3646621
63320,7114856;7563256;10427033;12792451;6041563;14178422
11951,390261;7546326;9758579;11563732;8078700;3433373;13745738;455955;13009307;16558956;11435242;13819747;15874212;13515885;12099206;16658750;6374058
17628,7175292;5049937;11006921;2983851;3626220
5342,4068889;15819994;11547573;15279499;2707192;10263222;11120067;12393477;8812627;15894306;16000955
27503,5725358;10551524;1607572;3010548;14541530;1693073;8300752;6487880;10314215;15950557;16348986;7422931;3074367;12334725;11620778;1347538;5253760
15096,16137375;8766055;9161472;2838398;8062441;10293058;5368172;4340605;8016214;10067458
14756,10155904;5683252;13816732;9415871;7835599;12637916;14931715;6744493;15927964;13133889;1577019;3040986;2575500;13181414;7778728
28876,14257633;434048;10513520;1637284;3990538;16577849;8396032;10139689;15294438;9201688;15986943;9475411;6243295;10438507;2540198
46272,10845521;5096619;5207140;13748821;14349451;16618537;1359672;10322155;4937615;9270366;9405978;13581388
49489,3121823;13880616;14473700;2736494;11132096;12204575;6989585;13312850;136115;977695;143361;7376055;4797985;1925155;4239185;9911409;6005746;13577684
64146,10002070;14022103;2353857;8227296;10593839;2144210;1693325;12923533;3787842;7937530;2146229;12877691;14730537;2320045;14219699;2366533;4704766;8099439;7000641
58111,12647220;8309484;13783222;15468408;12401871;16659281;11895051;873472;11259250;7859757;14605256;6829896;3730294
21327,9592654;8616644;9252378;8813244;16318929;6450949;7246790;8353555
12487,13163369;14285201;1965135;2211888;7895478;6288394;10236027;16501571
17011,12063439;11211358;15900479;2984528;8566119
34865,8625154;13194216;1422992;13225121;15889797;11320108;11387000;15555699;15126055;14863806;60325;237848
39382,2654521;3901277;4679825;2829208;6671318;6396727;9732535;2166366;5566310
54435,16651733;16283800;389342;3678398;5535405;6689209;9957172;4607166;11564046;13229115;10722812;3512549;11006047;2240486;11169685;4773797;10042304
36824,2621639;6876407;4315726;8844770;7579930
15593,4913684;11911816;5810235;2088346;4180571;355106;2853630;9051945;7699545;15844309;430622;11350214;825701;1722116;10478185;9619241;11531270
14080,4658119;16065236;16107285;3861242;7995514;12241143;12051056
62880,15391370;13871281;10930738;4283073;14034384;3439508;6749379;8456422;14451954;3343996;11335053;5665138
24647,15295418;11830158;1472372;16656537;9394246;12562344;218323;3654447;1712223;3012293;10266180;14326208;9603874;6339448;12616743;1624935
43226,350195;14196128;7260805;6689738;1407612;8087187;9283623;12722128;13058734
11482,5767513;15286106;13893901;8168628;3555198;6585234;10460655;3315843;10864842;4248592
51760,13818521;16401658;13696570;15895185;6242585;10421859;10816054;3858092;7851117;10839111;8130616;8160311;4108625;6098649;12095860;2481392;16018441;6720142;1543296
57488,14196298;10714189;6432510;14481726;8174066;14571239;10150612
38790,4840830;4495837
36782,3264177;527863;4509620;2787305;1125706;2097781
21810,1830646;5676599;12520463;436422;16084735;2947939;14890112
44081,5543304;14599079;8008676;12529057;13287757;3398963;15151708;15720962
54380,3840840;11548451;445311;7210962;12359103;3555281;14986470;14896732;4508740;6669197;14532920;12908843;9676371
21573,7301529;1869379;13431680;7201595;14121675;16523652;11820189;15934414;901803;12478450;6984238;13269683;13466530;14900417
61765,535160;127018;11816158;4196844;13550762;9977774;10104458;10259958;1267879
21331,580173;6123233;16376315;15466241
9290,12893015;4759726;9014661;12942157;10144859;10668498;1504153;1732902;11468208;14720645;16241624;4134212;16216308;5923576
63144,14412695;2431640;15012676;4147169;11539771;13667811;5166574;2208165;5695854;4266448;15518026;14943570;13241528;10039150;13081936;7907261;12412451;12269151;13345573
40288,14665674;9045137;7023951;6096887;13037398;5023149;1955646;2218442;8709680;14091232;15088485;7963621;11997093;218126;4534636
41228,15925789;3793016;2167333;148434;8861276;251490;15808854
15334,10086145;13483216;11520057;860856;5167282;958367
5232,1055724;6147279;4843977;7367283;15157251;10465308
55171,14156901;8159622;8884621;10539722;3146658;2098208;7771345;10420027;13294467;5151920;8561190;14249130;4027959;10435455;568279
142,4867410;6815443;15639995;15821067;9081177;15852130;8384753;13673252;6819302;9196750;3491834;3798863;4551205;15101071;1981984;9028395;12383416;4865880;2055913
21372,4498986;2297924;12107271
42130,2292198;162122;9077983;12211822;5256525;13020545;8363563;9408169;9547667;5521878;9495895;9752806;8694111;5134404;8268974
22197,8205644;10497836;7216821;53924;12190664;703724;13267755
38806,9640077;9220127;12650584;13163123;14622918;6979448;6299174;15741780;923569;13173430
14046,5213923;11104176;2000866;1287794;6668317;15148664;3958933;11401885;8324439
2253,414948;4472667
63440,1006806;9663337;14711957;7541758;2218661;5589040;12718520;9720412;6714041;10135633;6454859;4847896;11555381;10694786;14312912;2896690;6937677;6791040;6859473;1978502
16967,1557639;11159008;13498084;12708824;2346976;1449402;15710958;28859;7859523;14717070
7181,4596762;1570098;870993;11284763;14117794;5099181;16692945;2063986;11991523;2638676;11475618
34365,2543253;4838153;16417766;10628351;7365479;7249890;9450120;10851382;3649645;7854535;5200739
11635,9438074;10431658
45174,5197718;5500078;5744752
13363,13064623;9262216;7163720;9990261;6401627;5903033;10223506;2279822;5867189;11067988;10807043;14819713;2117519;14114419;13952640;1662807;10148664;10582345
9828,12284128;3412593;7909563;15814382;4018539;3898244;16561881;9331983;9166032;7099493;3754134;6219847;3972112;11524583;6371524;12594597;4901497
55645,14797484;6223660;14494083;5470699;12803039;15694375;11471124;12379632;12133106;5986707;6045863;6108783;13048111;10748913;16282058;1129815
7553,6933625;10713312;13124558;1353367;14876960;8478512;11500617;9803609
21065,5338968;13109046;2727051;15357455;14700156;9227845
41493,404625;8552521
44941,8063501;9458581;2197818;7121813;3151934;9029540;15329642;6093017;9798470;15627274
34739,12182574;15935707;2420326;12061264;4043847;14361265;205489
15298,14293299;12482403;3568079;14505238;10371398;12248625;4687296;9961584;13029211;10502040;14827454;16709055;8408728;15042605;7698253;4056593;10014841;4115932;8201457;6419501
46705,3098900;5305478;8174381;3169014;11459787;5282883;9523032;11338276;3868847;13651181;4366236;11892168;613045
3507,1760776;13354373;3846765
63443,14412744
37122,7725081;12475901;13345300;15963452;2049265;14642942;7579266;2778868
9368,12062531;6496135;2217292;6499477;5487722;3529219;15005352;9767533;9722395;6589179;12952929;5902687;3562235;5822374;1020677;16371079
10370,3285430;3256381;10655971;8734654;9891263;10520971;3257349;8782134;11357417;16321408;13146930;6161682;8854808;12176406;2139757
52426,16094346;16351108;12554725;8920998;15599597;135269;15963875;16192303;8212177;8447844;10742753;14019122;10977908;756044
32361,2607477;8749619;11951840;4674675;12320755;7775421;980170;1442894;5570190;9273156;7946633;7059885;4381191;1655923;4432309;16185295;1821718;3660947;964862;2067378
51595,2171607;6492614;8616261;16539821;185;4929071;12173677;5198175;6218454;13184687;5937008;7221880;11676663;13576546;14999291
23965,3889740;621671;7241177;4372970;13766544;6125039;16749484;6547482;10032229;1931333;1709930;1594217;4760462;5394;6502063;12775017;8396129;1404625
19404,8233672;11710280;15647016;10663141;11679718;5302185;15746771;4556414;6456715;25746;1135568;1924030;5221071;6566029
17523,7832792;2062085
57531,3877208;12215761;2178944;12903894;11305461;4880347;5648345;4544087;1609288;1310297
31093,1819770;1581850;8489991;1304036;3858205;885633;12750336;14958887;8639537;8075040;13508079;13255101;2956083;9862949;4837553;2457462;11028884;9105438;4064006;9622088
52970,3973453;11880646;3378702;1699893;15024867;6410210;14500706;1302385;2101591;1229868;9671271;5656982;16700065;13234338;2976870;3644657
31245,3939036;6573501;10200702;6583694;15593642;13398595;7869152;10028421;8844410;9610511;11101496;10148282;13942628;4729143;7890781;5612388;1636488;14018452;4081175;10970651
37674,12005613;16464835
4952,1702921;12023216;6481027;14109659;8334871;12833023;4642744;11114139;12214689;7514249;16270704;4010343;9272856;14592690
27732,8597061;12897580;10597988;10059795;2785919;16036287;6346339;9916178;6061278;5742264;1032372;5347184
20061,6486543;15218920;12634008;9157253;16584510;5515436;8790982;10554180;3403502;9124822
714,649734;15473786;4278396;3852458
27576,1088261;13979655;3697459;3175371;193952;13467019;10227032
12672,7647533;6604864;15904540;2775702;9904100;12606138;2529537;3811389;487098;176452;2555290;4340244
33206,2681655;15410847;5262573;12798427;447444;1640041
45999,6607701;12888553;7630858;4181463;9915832;6504158;11470154;11744822;15474384
30326,8666243;8330454;2276399;3403730;6599319;5031757;739159;2651701;5475122;7342791;11792874;14876111;8951289;1454756;14587805;12622001;1331937;7162510;9720936;4251680
44206,3002580;1945769;1334974;14041348;8499656;11869486;13196272;3830000;1214299;16444275;12122141
6490,2243858;9907298;13680749;5790633
61831,13885867;8794085;3180103;5041020;6241570;7449106;7757042;15693861;5515412;2747746;4406513
54303,13615012;9942712;10435656;2900829;6272410;6639543;10813077;14214567;4334337
54641,11040291;9660072;6465956;11955403;15230188;11735718;1900665;7288681;9621097;2768212
27712,1324788;4365898;10357426;11170202;11034542;8861160;10387439
30571,12353826;808343
39892,7702774;8655623;1192596;2676245
408,15735242;12406052;737107;12858468;1869679;9249765;12837912;14985444;3398417;4082845;1196196;553136;11742880;10238159;12519996;11319171;14997922
29175,15900175;14216646;6477129;7083045;8641269;5296450;3272535;9000426;13648996;13136074;4535338;764566;13714016
22167,5995537;16532362;4831316;15596908;6622075;4530729;2402828;1699824;4570327;13506148;15368451;4083736;13289999;10578140;13958646;462485;15995095;11335518;2395959
52113,3902;13024471;6051749;7055125;10625935;11235624;16760646;885920;5223139
20318,4418979;2070735;11331504;11872262;4828794;6360328;11197468;8424787
61478,494640;12803994;9223723;3457702;1783817;13980410;10766852;825917;7440609;16764714;10194790;16517395;12017316;8812957;8664452;13521952
47352,13952795;9965823;12620644;10492890;6829917;11212638;8962386;2326687
1014,1772732;7310072;10035;5504796;16178133;5313212;10505839;8430572;5604485;13470825;1604461;11254642;10767982;577224;14613278;11807999;6539131;16160945
6587,860595;5917666;13882423;6041978;11653164;15277736;2358961;15013421;10307081;688983;9365534;7671269;7342576;14698627
55262,5862137;1518701;1593069;12039543;10554504;8910561;10517487;5157984;8140918;4393231;8475268;16132885;3543760;4078265;12912305;13563562;975708;3603538;10887397;10281447
